12/03/2022

CREATE TABLE `agentes` (
  `id_agente` int(11) NOT NULL,
  `agente` varchar(40) COLLATE utf8mb4_spanish_ci NOT NULL,
  `fecha_creacion` datetime DEFAULT NULL,
  `fecha_mod` datetime DEFAULT NULL,
  `id_capC` int(11) DEFAULT NULL,
  `id_capM` int(11) DEFAULT NULL
) ENGINE=InnoDB DEFAULT CHARSET=utf8mb4 COLLATE=utf8mb4_spanish_ci;


CREATE TABLE `anios` (
  `id_anio` int(11) NOT NULL,
  `anio` varchar(4) COLLATE utf8mb4_spanish_ci NOT NULL
) ENGINE=InnoDB DEFAULT CHARSET=utf8mb4 COLLATE=utf8mb4_spanish_ci;

INSERT INTO `anios` (`id_anio`, `anio`) VALUES
(1, '1970'),
(2, '1971'),
(3, '1972'),
(4, '1973'),
(5, '1974'),
(6, '1975'),
(7, '1976'),
(8, '1977'),
(9, '1978'),
(10, '1979'),
(11, '1980'),
(12, '1981'),
(13, '1982'),
(14, '1983'),
(15, '1984'),
(16, '1985'),
(17, '1986'),
(18, '1987'),
(19, '1988'),
(20, '1989'),
(21, '1990'),
(22, '1991'),
(23, '1992'),
(24, '1993'),
(25, '1994'),
(26, '1995'),
(27, '1996'),
(28, '1997'),
(29, '1998'),
(30, '1999'),
(31, '2000'),
(32, '2001'),
(33, '2002'),
(34, '2003'),
(35, '2004'),
(36, '2005'),
(37, '2006'),
(38, '2007'),
(39, '2008'),
(40, '2009'),
(41, '2010'),
(42, '2011'),
(43, '2012'),
(44, '2013'),
(45, '2014'),
(46, '2015'),
(47, '2016'),
(48, '2017'),
(49, '2018'),
(50, '2019'),
(51, '2020'),
(52, '2021'),
(53, '2022');

CREATE TABLE `clientes` (
  `id_cliente` int(11) NOT NULL,
  `nombres` varchar(40) COLLATE utf8mb4_spanish_ci NOT NULL,
  `aPaternoCliente` varchar(30) COLLATE utf8mb4_spanish_ci NOT NULL,
  `aMaternoCliente` varchar(30) COLLATE utf8mb4_spanish_ci NOT NULL,
  `calle` varchar(50) COLLATE utf8mb4_spanish_ci NOT NULL,
  `colonia` varchar(40) COLLATE utf8mb4_spanish_ci NOT NULL,
  `ciudad` varchar(40) COLLATE utf8mb4_spanish_ci NOT NULL,
  `estado` varchar(19) COLLATE utf8mb4_spanish_ci NOT NULL,
  `tel1` varchar(14) COLLATE utf8mb4_spanish_ci NOT NULL,
  `tel2` varchar(14) COLLATE utf8mb4_spanish_ci NOT NULL,
  `cel` varchar(14) COLLATE utf8mb4_spanish_ci NOT NULL,
  `email` varchar(40) COLLATE utf8mb4_spanish_ci NOT NULL,
  `status` char(1) COLLATE utf8mb4_spanish_ci NOT NULL DEFAULT '1',
  `observacion` varchar(200) COLLATE utf8mb4_spanish_ci DEFAULT NULL,
  `fecha_creacion` datetime DEFAULT NULL,
  `fecha_mod` datetime DEFAULT NULL,
  `id_capC` int(11) DEFAULT NULL,
  `id_capM` int(11) DEFAULT NULL
) ENGINE=InnoDB DEFAULT CHARSET=utf8mb4 COLLATE=utf8mb4_spanish_ci;

INSERT INTO `clientes` (`id_cliente`, `nombres`, `aPaternoCliente`, `aMaternoCliente`, `calle`, `colonia`, `ciudad`, `estado`, `tel1`, `tel2`, `cel`, `email`, `status`, `observacion`, `fecha_creacion`, `fecha_mod`, `id_capC`, `id_capM`) VALUES
(1, 'Marcos ', 'Gomez', 'Diaz', 'Arnica 173', 'Alamedas de Zalatitan', 'Tonala', 'Jalisco', '(000) 000-0000', '(000) 000-0000', '(331) 351-7322', 'sin@correo.com', '0', '', '2022-03-01 15:27:31', NULL, 3, NULL),
(2, 'Ramón ', 'Hernández ', 'Trujillo', '-', '-', '-', 'Jalisco', '(000) 000-0000', '(000) 000-0000', '(331) 227-1449', 'sin@correo.com', '0', '', '2022-03-01 15:30:52', NULL, 3, NULL),
(3, 'Ezequiel', ' Velázquez ', 'Villafuente', 'Francisco I. Madero no. 18', 'Santa Ana Tepetitan', 'Toluca', 'México', '(000) 000-0000', '(000) 000-0000', '(332) 790-9256', 'sin@correo.com', '0', '', '2022-03-01 15:34:23', NULL, 3, NULL),
(4, 'Roberto', 'De Alba', '-', 'Santa Ana no. 6', 'El Briseño', 'Zapopan', 'Jalisco', '(000) 000-0000', '(000) 000-0000', '(331) 343-4075', 'sin@correo.com', '0', '', '2022-03-01 17:51:35', NULL, 3, NULL),
(5, 'Pedro Adrian', 'Rojas', 'Moreno', 'calle coto canopus no. 95 ', 'Fraccionamiento Paseo de los Agaves', 'Tlajomulco de Zuñiga', 'Jalisco', '(000) 000-0000', '(000) 000-0000', '(332) 573-8909', 'amely_5555@hotmail.com', '0', '', '2022-03-02 08:33:31', NULL, 3, NULL),
(6, 'Ricardo Adrián ', 'Rojas', 'Moreno', 'coto canopus 95', 'fraccionamiento paseo de los agaves', 'Tlajomulco de Zuñiga', 'Jalisco', '(000) 000-0000', '(000) 000-0000', '(332) 573-8909', 'amely_5555@hotmail.com', '0', '', '2022-03-02 08:42:14', NULL, 3, NULL),
(7, 'Martin', ' Hinojosa ', 'Gallegos', 'C. MAzamitla no. 2031', 'Benito Juarez', 'Zapopan', 'Jalisco', '(000) 000-0000', '(000) 000-0000', '(332) 229-8012', 'sin@correo.com', '0', '', '2022-03-02 09:11:01', NULL, 3, NULL),
(8, 'Edgar Juan Carlos', 'Ramirez ', 'Aceves', 'C. Valle Manzanilla no. 833', 'Fraccionamiento Paseos del Valle', 'Tlajomulco de Zuñiga', 'Jalisco', '(000) 000-0000', '(000) 000-0000', '(332) 364-4702', 'edgarjc1985@gmail.com', '0', '', '2022-03-02 09:17:58', NULL, 3, NULL),
(9, 'Paula yolanda', 'Amaya ', 'Navarro', 'Cuenta Aguascalientes no. 149', 'Villa fontana residencial', 'tlaquepaque', 'Jalisco', '(000) 000-0000', '(000) 000-0000', '(333) 118-9608', 'paolaam0430@gmail.com', '0', '', '2022-03-02 09:33:41', NULL, 3, NULL),
(10, 'Valeria Itzel', 'Flores', 'Gutierrez', 'Paseo solares no. 166', 'Valeira', 'zapopan', 'Jalisco', '(000) 000-0000', '(000) 000-0000', '(667) 371-7064', 'valeriaflogtz@gmail.com', '0', '', '2022-03-02 10:18:28', NULL, 3, NULL),
(11, 'Miguel Angel ', 'Topete', 'Marcela Alvarez', 'Belisario Dominguez 3993', 'Huentitan El Alto', 'Guadalajara', 'Jalisco', '(000) 000-0000', '(233) 125-2427', '(331) 602-0518', 'sin@correo.com', '0', '', '2022-03-02 11:19:00', NULL, 3, NULL),
(12, 'Carlos ', 'Cortés', 'Guzmán', 'Cda. Trigo no. 6', 'Polanco', 'Sayula', 'Jalisco', '(000) 000-0000', '(000) 000-0000', '(333) 820-5117', 'gatocrtz@gmail.com', '0', '', '2022-03-02 11:45:35', NULL, 3, NULL),
(13, 'Jerónimo ', 'Avalos ', 'Gómez', 'Valle de los Pistaches no. 161', 'Hacienda de los Eucaliptos', 'Tlajomulco de zuñiga', 'Jalisco', '(000) 000-0000', '(000) 000-0000', '(333) 321-5696', 'si@correo.com', '0', '', '2022-03-02 12:19:39', NULL, 3, NULL),
(14, 'Jeónimo ', 'Avalos ', 'Gómez', 'Valle de los pistaches núm 161', 'Hacienda de los eucaliptos', 'Tlajomulco de Zuñig', 'Jalisco', '(000) 000-0000', '(000) 000-0000', '(333) 321-5696', 'sin@correo.com', '0', '-', '2022-03-02 12:21:23', NULL, 3, NULL),
(15, 'J. Javier', 'Sandoval', 'Estupiñan', 'Sabino no. 2253A', 'Del Fresno', 'Guadalajara', 'Jalisco', '(000) 000-0000', '(000) 000-0000', '(498) 110-7546', 'sandovalestupinan@gmail.com', '0', '', '2022-03-02 15:12:46', NULL, 3, NULL),
(16, 'Oscar', 'Ocampo ', 'Fuentes', 'C. del Fresno no. 5350', 'Fraccionamiento Chapultepec 9na seccion ', 'Guadalajara', 'Jalisco', '(000) 000-0000', '(000) 000-0000', '(553) 913-0167', 'sin@correo.com', '0', '', '2022-03-02 16:27:43', NULL, 3, NULL),
(17, 'José Luis', 'Flores ', 'Blanco', 'Privada Mandarina no. 26', 'Nextipac', 'Zapopan', 'Jalisco', '(000) 000-0000', '(000) 000-0000', '(333) 182-9317', 'chiguiblanco@gmail.com', '0', '', '2022-03-03 10:33:18', NULL, 3, NULL),
(18, 'Alfredo', 'Olguin ', 'Porras', 'Valle de los Sauces no. 153', 'Fraccionamiento Hacienda de los Eucalipt', 'Tlajomulco de Zuñiga', 'Jalisco', '(000) 000-0000', '(000) 000-0000', '(331) 658-2000', 'nextel_gdl@prodigy.net.mx', '0', '', '2022-03-03 10:46:13', NULL, 3, NULL),
(19, 'Tereso', 'Acua', 'Chacha', 'Prolongación Niños Heroes no. 512', 'Las Liebres', 'Tlaquepaque', 'Jalisco', '(000) 000-0000', '(000) 000-0000', '(331) 880-2753', 'auct740421@hotmail.com', '0', '', '2022-03-03 11:05:58', NULL, 3, NULL),
(20, 'Miguel Garcia', 'Adan Salvador Gomez Angulo', 'Raymundo Garcia ', 'Libertad no 58', 'Mascuala', 'Ixtlahuacan del Rio', 'Jalisco', '(000) 000-0000', '(331) 026-9294', '(333) 137-3287', 'adanga18@gmail.com', '0', '', '2022-03-03 11:16:00', NULL, 3, NULL),
(21, 'Javier ', 'Torres', 'Carvajal', 'C. Gregorio Jimenez no. 32', 'Matatlan', 'Zapotlanejo', 'Jalisco', '(000) 000-0000', '(000) 000-0000', '(331) 753-7760', 'javier7531@yahoo.com', '0', '', '2022-03-03 13:02:54', NULL, 3, NULL),
(22, 'Edgar Alejandro ', 'Rodriguez ', 'Marquez', 'Esteban Ramirez no. 213', 'Residencial La Soledad', 'Tlaquepaque', 'Jalisco', '(000) 000-000_', '(000) 000-000_', '(332) 477-0439', 'sin@correo.com', '0', '', '2022-03-03 14:15:40', NULL, 3, NULL),
(23, 'Luis', ' Fernando ', 'Morales', 'Zapotlanejo 105', '-', 'Tepatitlán de Morelos', 'Jalisco', '(000) 000-0000', '(333) 026-6113', '(333) 153-7053', 'sin@correo.com', '0', '', '2022-03-03 17:37:16', NULL, 3, NULL),
(24, 'Rito', 'Gómez', 'Ramos', '-', '-', '-', 'Jalisco', '(000) 000-0000', '(000) 000-0000', '(332) 180-7115', 'sin@correo.com', '0', '', '2022-03-04 10:42:39', NULL, 3, NULL),
(25, 'Martin ', 'Jorge ', 'Martinez', 'C. Perdiz no. 1548', '-', 'Morelos', 'Jalisco', '(000) 000-0000', '(000) 000-0000', '(331) 197-2977', 'sin@correo.com', '0', '', '2022-03-04 11:25:25', NULL, 3, NULL),
(26, 'Juventino', 'Mojarro', 'Parra', 'Niños Heroes no. 1', 'Sta. Cruz de las Flores', 'Tlajomulco de Zuñiga', 'Jalisco', '(000) 000-0000', '(332) 312-7485', '(332) 034-2366', 'mojarrojuvntino@gmail.com', '0', '', '2022-03-04 13:14:51', NULL, 3, NULL),
(27, 'José Guadalupe', 'Gómez', 'Hernández', 'Puerto Melaque no. 1230', 'Santa Maria', 'Guadalajara', 'Jalisco', '(000) 000-0000', '(332) 789-6117', '(333) 637-6509', 'sin@correo.com', '0', '', '2022-03-04 13:22:32', NULL, 3, NULL),
(28, 'Alberto Manuel', 'Cortes ', 'Cisneros', 'C. hidalgo pte. 93', 'San Miguel Zapoptitlan', 'Poncitlan', 'Jalisco', '(000) 000-0000', '(000) 000-0000', '(332) 178-0082', 'amcortesc@yahoo.com', '0', '', '2022-03-04 14:50:58', NULL, 3, NULL),
(29, 'Mario Abraham ', 'Ordaz ', 'Padilla', '2 de abril #326 ', 'san Juan ', 'Ocotlán', 'Jalisco', '(000) 000-0000', '(000) 000-0000', '(353) 124-0098', 'aster_182@hotmail.com', '0', '', '2022-03-04 17:08:53', NULL, 3, NULL),
(30, 'Ismael', 'Rodriguez', 'Sánchez', 'Calle Concepción loy 76', 'Lázaro Cárdenas', 'Guadalajara', 'Jalisco', '(000) 000-0000', '(000) 000-0000', '(332) 495-9583', 'gustavorm377@gmail.com', '0', '', '2022-03-05 09:04:26', NULL, 3, NULL),
(31, 'Victor ', 'Castro', 'Fraga', 'Circuito Basulto no. 115-18-4', 'Valle de los Molinos', 'Zapopan', 'Jalisco', '(000) 000-0000', '(000) 000-0000', '(332) 419-0441', 'victorfraga73@hotmail.com', '0', '', '2022-03-05 09:10:48', NULL, 3, NULL),
(32, 'Gonzalo Alejandro', 'Madrigal ', 'Gómez', 'C. Hda. La rojeña no. 2892', 'Oblatos', 'Guadalajara', 'Jalisco', '(000) 000-0000', '(000) 000-0000', '(333) 597-8972', 'amadrigal80@hotmail.com', '0', '', '2022-03-05 09:14:42', NULL, 3, NULL),
(33, 'José Domingo', 'Espinoza ', 'Vázquez', 'Arroyo Agua Caliente no. 373', 'Fraccionamiento Los Ruiseñores', 'Tala', 'Jalisco', '(000) 000-0000', '(000) 000-0000', '(331) 866-7452', 'josedomingoespinozavazquez@gmail.com', '0', '', '2022-03-05 10:04:41', NULL, 3, NULL),
(34, 'Jose Luis ', 'García ', 'Sánchez', 'c. Santa rita no. 727', 'Santa Margarita', 'Zapopan', 'Jalisco', '(000) 000-0000', '(000) 000-0000', '(331) 709-1403', 'sin@correo.com', '0', '', '2022-03-05 10:58:59', NULL, 3, NULL),
(35, 'Josue Jonathan', 'Escobedo', 'Aguirre', 'c. Juan Jose de la Garza', 'Lomas del Paraiso', 'Guadalajara', 'Jalisco', '(000) 000-0000', '(000) 000-0000', '(332) 109-1025', 'jhosi.escobe@gmail.com', '0', '', '2022-03-05 12:40:56', NULL, 3, NULL),
(36, 'Alfredo ', 'Garza', 'Chavez', 'Campo Verde no 596', 'Campo Real', 'Zapopan', 'Jalisco', '(000) 000-0000', '(000) 000-0000', '(331) 685-1135', 'ajamijo61@gmail.com', '0', '', '2022-03-05 12:48:24', NULL, 3, NULL),
(37, 'Sergio', 'Pérez ', 'Vázquez', 'C. Churubusco no. 129', 'San Juan de Dios', 'Guadalajara', 'Jalisco', '(000) 000-0000', '(000) 000-0000', '(331) 558-0656', 'sin@correo.com', '0', '', '2022-03-05 13:03:03', NULL, 3, NULL),
(38, 'Enrique Martin', 'Del Campo', 'González', 'Jorullo no. 1348-B', 'Independencia', 'Guadalajara', 'Jalisco', '(000) 000-0000', '(000) 000-000_', '(331) 355-6830', 'enriquemac7@hotmail.com', '0', '', '2022-03-07 09:12:03', NULL, 3, NULL),
(39, 'Clarissa ', 'Corona ', 'González', 'Calle guanábana no. 798 ', 'col. Las Huertas', 'San Pedro Tlaquepaque', 'Jalisco', '(000) 000-0000', '(000) 000-0000', '(331) 229-7778', 'clarissacorona@hotmail.es', '0', '', '2022-03-07 09:27:03', NULL, 3, NULL),
(40, 'Juan Daniel ', 'Navarro ', 'Velasco', 'C. Miramar no. 60 ', 'canal 58', 'San Pedro Tlaquepaque', 'Jalisco', '(000) 000-0000', '(000) 000-0000', '(332) 791-7423', 'sin@correo.com', '0', '', '2022-03-07 09:33:14', NULL, 3, NULL),
(41, 'Ana Luisa ', 'Briones', 'Elenes', 'C. Santa Mónica', 'Centro', 'Guadalajara', 'Jalisco', '(000) 000-0000', '(000) 000-0000', '(331) 835-1624', 'anylu_102@yahoo.com.mx', '0', '', '2022-03-07 09:38:06', NULL, 3, NULL),
(42, 'VictoR Hugo', 'Narvaez', 'Baez', 'Arrayanes no. 226', 'Tuzania', 'Zapopan', 'Jalisco', '(000) 000-0000', '(000) 000-0000', '(332) 182-8534', 'narvaezvictorbaez@gmail.com', '0', '', '2022-03-07 09:45:47', NULL, 3, NULL),
(43, 'Raquel ', 'López ', 'Maldonado', 'Calle Santiago de Livier no. 313', 'Francisco I Madero', 'Tlaquepaque', 'Jalisco', '(000) 000-0000', '(000) 000-0000', '(554) 544-3439', 'jocelynp210596@gmail.com', '0', '', '2022-03-07 10:03:51', NULL, 3, NULL),
(44, 'José Antonio', 'Sánchez', 'Luna', 'Real de los Olivos no. 100', 'Camichines', 'Tonalá', 'Jalisco', '(000) 000-0000', '(000) 000-0000', '(331) 446-8322', 'antonio.sanchez@envases.mx', '0', '', '2022-03-07 10:24:46', NULL, 3, NULL),
(45, 'Tomás Gabriel ', 'Fernández ', 'Flores ', 'Av. Revoución no. 90', 'La punta Gruesa', 'Guadalajara', 'Jalisco', '(000) 000-0000', '(000) 000-0000', '(552) 307-5868', 'sin@correo.com', '0', '', '2022-03-07 10:43:31', NULL, 3, NULL),
(46, 'Octavio', 'Santa Maria', '-', 'Sierra de Mapimí Norte no. 286', 'La Cantera', 'Guadalajara', 'Jalisco', '(000) 000-0000', '(331) 053-0803', '(331) 053-0665', 'santamariaoctavio@hotmail.com', '0', '', '2022-03-07 12:10:50', NULL, 3, NULL),
(47, 'Gilberto', 'Duarte Torres', '- Carlos Pulido', 'Calle 27 de Octubre no. 36', 'Centro', 'Minatitlán', 'Colima', '(000) 000-0000', '(000) 000-0000', '(314) 872-0671', 'sgtorres1@hotmail.com', '0', '', '2022-03-07 12:45:13', NULL, 3, NULL),
(48, 'Marco Samuel', 'Peña', 'Hernández', 'C. Atotonilco Norte no. 150', 'Los Alamitos', 'Zapopan', 'Jalisco', '(000) 000-0000', '(000) 000-0000', '(331) 474-2425', 'marco66samuel@gmail.com', '0', '', '2022-03-07 13:08:21', NULL, 3, NULL),
(49, 'Diego Armando', 'Rico', 'Saucedo', 'Cuautla no. 18 ', 'Centro', 'Juchipila', 'Zacatecas', '(000) 000-0000', '(331) 005-0036', '(467) 103-6514', 'sin@correo.com', '0', '', '2022-03-07 13:27:26', NULL, 3, NULL),
(50, 'Sebastian', 'Ramos', '-', 'San Juan Evangelista no. 4050', 'Lomas de San Miguel', 'Tlaquepaque', 'Jalisco', '(000) 000-0000', '(000) 000-0000', '(331) 452-1895', 'sebastian610611@gmail.com', '0', '', '2022-03-07 14:49:27', NULL, 3, NULL),
(51, 'Eliseo', 'Alvarado', 'Plascencia', 'Av. 8 de Julio no. 178', 'Nueva Santa Maria', 'Tlaquepaque', 'Jalisco', '(000) 000-0000', '(000) 000-0000', '(331) 869-0948', 'eliseoalvaradoaisla@hotmail.com', '0', '', '2022-03-07 16:21:55', NULL, 3, NULL),
(52, 'Guadalupe Reyes Pacheco', '-Jorge Antonio Torres Vivanco', '-', 'Concepción no. 144 Cluster no. 40', 'Haciendas de Santa fé', 'Tlajomulco de Zuñiga', 'Jalisco', '(000) 000-0000', '(333) 327-7241', '(333) 366-8988', 'sin@correo.com', '0', '', '2022-03-07 16:45:16', NULL, 3, NULL),
(53, 'Miguel Angel', ' Mariscal ', 'Diaz ', 'Cerrada del terron #6 ', 'La lagunita', 'Tlajomulco de Zuñiga', 'Jalisco', '(331) 016-1459', '(331) 016-1459', '(331) 016-1459', 'sin.@_._', '0', 'Fecha ingreso 15/01/2022\r\nNúmero orden 220238\r\nNúmero de proyecto 11027', '2022-03-07 17:03:46', NULL, 4, NULL),
(54, 'FELIPE', 'AVILA', 'SOLIS', 'CIRCUITO ZAFIRO 30', 'VALLE DE LOS MOLINOS', 'ZAPOPAN', 'Jalisco', '(000) ___-____', '(000) ___-____', '(332) 828-0301', 'favila68.68@gmail.com', '0', '-', '2022-03-08 09:48:22', NULL, 3, NULL),
(55, 'SAUL', 'VALDEZ', 'RODRIGUEZ', 'SAN MATEO 920', 'PARQUES DE TESISTAN', 'ZAPOPAN', 'Jalisco', '(00_) ___-____', '(00_) ___-____', '(331) 299-9728', 'saulvaldezr@gmail.com', '0', '-', '2022-03-08 10:02:10', NULL, 3, NULL),
(56, 'MIGUEL', 'VELEZ', 'ALABAT', '***', 'JARDINES DE NUEVO MEXICO', 'ZAPOPAN', 'Jalisco', '(000) 000-00__', '(000) 000-00__', '(331) 715-8736', 'transmart.velez@gmail.com', '0', '------', '2022-03-08 10:38:46', NULL, 3, NULL),
(57, 'MARCO ANTONIO', 'AVELAR', 'BANDIN', 'C ENEBRO 17E', 'LA MAGDALENA', 'ZAPOPAN', 'Jalisco', '(000) 0__-____', '(000) 00_-____', '(333) 460-3242', '_marco2292@hotmai.com', '0', '----', '2022-03-08 13:07:03', NULL, 3, NULL),
(58, 'ENRIQUE', 'CASILLAS', 'ORGANISTA', 'FRAY JUNIPERO SERRA 781 CASA 16', 'PARQUES DE TESISTAN', 'ZAPOPAN', 'Jalisco', '(000) 00_-____', '(000) 00_-____', '(331) 961-4083', '_sin@correo._', '0', '-', '2022-03-08 15:04:15', NULL, 3, NULL),
(59, 'ENRIQUE', 'CASILLAS', 'O.', 'FRAY JUNIPERO SERRA 781 CASA 16', 'PARQUES DE TESISTAN ', 'ZAPOPAN', 'Jalisco', '(000) ___-____', '(000) 0__-____', '(331) 961-4083', 'sin@correo._', '0', '-', '2022-03-08 15:07:11', NULL, 3, NULL),
(60, 'JOSE LUIS', 'MONTES', 'NAVARRO', 'PRIVADA ORQUÍDEA 3176', 'LOMA BONITA EJIDAL', 'TLAQUEPAQUE', 'Jalisco', '(000) 0__-____', '(000) 0__-____', '(333) 407-5294', 'sin@correo._', '0', '3331418108', '2022-03-08 15:35:41', NULL, 3, NULL),
(61, 'Gerardo Adrian', ' Ramirez ', 'Castro', 'Santa elena no. 2218 ', 'Santa Monica', 'Guadalajara', 'Jalisco', '(332) 160-6048', '(332) 160-6048', '(332) 160-6048', 'sin@_._', '0', '', '2022-03-08 16:04:09', NULL, 4, NULL),
(62, 'Erick Raul ', 'Reynoso ', 'Castañeda', 'Av. del Mero no. 19', ' Fraccionamiento Sabalo Country Clu', 'Mazatlán', 'Sinaloa', '(669) 147-0401', '(669) 147-0401', '(669) 147-0401', 'sin.@_._', '0', '', '2022-03-08 16:10:40', NULL, 4, NULL),
(63, 'Carlos Roman ', 'Franco ', 'de Alba', 'Cda Altamira no. 58 A ', 'Centro', 'Tonala', 'Jalisco', '(333) 190-6270', '(333) 190-6270', '(333) 190-6270', 'sin@_._', '0', '', '2022-03-08 16:17:21', NULL, 4, NULL),
(64, 'Erik Jhovany ', 'Dominguez ', 'Muñoz', 'Carretera la Barca no. 139-A ', 'Atotonilquillo', 'Chapala', 'Jalisco', '(332) 209-1875', '(332) 209-1875', '(332) 209-1875', 'jhovany_dominguez@hotmail.com', '0', '', '2022-03-08 16:22:06', NULL, 4, NULL),
(65, 'Luis Felipe ', 'Palacios ', 'Alvarez', 'Calle Magnolias no. 71 ', 'Alamedas de Zalatitan', 'Tonala', 'Jalisco', '(333) 105-9542', '(333) 105-9542', '(333) 105-9542', 'sin@_._', '0', '', '2022-03-08 16:27:23', NULL, 4, NULL),
(66, 'Genaro ', 'Sandoval ', 'Jauregui ', 'Tepatitlan', 'Tepatitlan', 'Tepatitlan', 'Jalisco', '(344) 106-7610', '(344) 106-7610', '(344) 106-7610', 'sin@_._', '0', '', '2022-03-08 16:31:49', NULL, 4, NULL),
(67, 'Alfonso ', 'Hernandez ', 'Barba', 'C. Heroes no. 1113 ', 'Francisco Silva Romero', 'San Pedro Tlaquepaque ', 'Jalisco', '(333) 443-1021', '(333) 443-1021', '(333) 443-1021', 'sin@_._', '0', '', '2022-03-08 16:45:42', NULL, 4, NULL),
(68, 'Carlos ', 'Macias ', 'Ramirez ', 'Prolongación Mariano Otero no. 3815', 'Prolongación Mariano Otero no. 3815', 'Zapopan', 'Jalisco', '(333) 201-4816', '(333) 201-4816', '(333) 201-4816', 'sin@_._', '0', '', '2022-03-08 16:49:56', NULL, 4, NULL),
(69, 'Lizandro ', 'Plasencia ', 'Vázquez ', 'Guayabo 49 a', 'Lomas del camichin', 'Tonala', 'Jalisco', '(333) 724-3520', '(333) 724-3520', '(333) 724-3520', 'sin@_._', '0', 'Vehículo BMW -Color PLATA-HCX829E', '2022-03-08 16:56:28', NULL, 4, NULL),
(70, 'Jose Guadalupe ', 'Garcia ', 'Arena', 'Jardin de las azucenas no. 1503', 'Jardines del vergel', 'Zapopan', 'Jalisco', '(331) 180-8420', '(331) 180-8420', '(333) 366-0421', 'sin@_._', '0', '', '2022-03-08 17:02:45', NULL, 4, NULL),
(71, 'José Guadalupe ', 'Aguilar ', 'serrano', 'Lopez Mateos no. 56-A', 'Las Pintitas', 'El Salto ', 'Jalisco', '(000) 000-0000', '(000) 000-0000', '(331) 408-8681', 'sin@correo.com', '0', '', '2022-03-09 09:23:46', NULL, 3, NULL),
(72, 'Luis Alberto ', 'Villa ', 'Alfas ', 'Francisco I. Madero #12 int 1', 'San Juan de Ocotan', 'Zapopan', 'Jalisco', '(333) 186-5496', '(333) 186-5496', '(333) 186-5496', 'sin@_._', '0', '', '2022-03-09 09:24:01', NULL, 4, NULL),
(73, 'Eduardo ', 'Chavira ', 'Murillo', 'sin información', 'sin información', 'sin información', 'Jalisco', '(331) 382-8245', '(331) 382-8245', '(331) 382-8245', 'sin@_._', '0', 'No tiene información de domicilio', '2022-03-09 09:29:01', NULL, 4, NULL),
(74, 'Judith', 'Rodríguez', 'Avelar', 'Av. Universidad No. 185 - Casa U13', 'Puerta del Bosque', 'Zapopan', 'Jalisco', '(000) 000-0000', '(000) 000-0000', '(333) 167-2650', 'euricejudith@gmail.com', '0', '', '2022-03-09 09:33:29', NULL, 3, NULL),
(75, 'Juan Guillermo ', 'Ruiz ', 'Angel ', 'sin información', 'sin información', 'sin información', 'Jalisco', '(332) 106-1454', '(332) 106-1454', '(332) 106-1454', 'sin@_._', '0', 'sin información de domicilio', '2022-03-09 09:34:26', NULL, 4, NULL),
(76, 'Raul ', 'Vega ', 'Tovar', 'Calle Verdin no. 1567', 'Fraccionamiento 8 de Julio', 'sin informacion', 'Jalisco', '(333) 722-0044', '(333) 722-0044', '(333) 722-0044', 'sin@_._', '0', 'sin información de ciudad y estado\r\nRaul Vega Tovar - Aranzazu Vega\r\n', '2022-03-09 09:39:31', NULL, 4, NULL),
(77, 'Eduardo ', 'Escobedo ', 'Olmedo', 'Cuenca 245', 'Fraccionamiento santa fe', 'Sin información', 'Jalisco', '(332) 569-4889', '(332) 569-4889', '(332) 569-4889', 'sin@_._', '0', 'modelo BORA  color DORADO/Sin información ciudad, y estado', '2022-03-09 09:46:34', NULL, 4, NULL),
(78, 'Ramiro Rafael', 'Gómez', 'Mora', 'Prologación Angel Leaño no. 525  Casa 46', 'Parques de Zapopan', 'Zapopan', 'Jalisco', '(000) 000-0000', '(000) 000-0000', '(331) 413-7212', 'sin@correo.com', '0', '', '2022-03-09 09:56:47', NULL, 3, NULL),
(79, 'Francisco Eduardo', ' Ramirez', 'Sin informacón', 'Laureles no. 2530', ' Los Tajetes', 'Zapopan', 'Jalisco', '(331) 470-1939', '(331) 470-1939', '(331) 470-1939', 'sin@_._', '0', '', '2022-03-09 09:57:22', NULL, 4, NULL),
(80, 'José Felipe ', 'Granados ', 'Rosales', 'C. Volcan Moctezuma n0. 133', 'Fraccionamiento Colinas del Roble', 'Tlajomulco de Zuñiga', 'Jalisco', '(332) 190-7057', '(332) 190-7057', '(332) 190-7057', 'sin@_._', '0', 'vehículo color Aqua', '2022-03-09 10:02:18', NULL, 4, NULL),
(81, 'Catalina Aguilera', 'Héctor Miguel ', '-', 'Joaquin Pardave no. 1948', 'Santa Cecilia', 'Guadalajara', 'Jalisco', '(000) 000-0000', '(333) 505-0259', '(331) 145-4809', 'smaror_@hotmail.com', '0', '', '2022-03-09 10:04:57', NULL, 3, NULL),
(82, 'Francisco Javier ', 'Haro ', 'Yañez ', 'Privada negro 4515', 'Fraccionamiento Villa los cantaros', 'sin información', 'Jalisco', '(331) 097-8416', '(331) 097-8416', '(331) 097-8416', 'sin@_._', '0', 'sin información ciudad y estado', '2022-03-09 10:07:02', NULL, 4, NULL),
(83, 'Jose de Jesus ', 'Martinez ', 'Lopez', 'Valle del Rio Danubio no. 186', 'Camichines', 'Tonala', 'Jalisco', '(332) 629-6434', '(332) 629-6434', '(332) 629-6434', 'sin@_._', '0', 'Color de vehículo Verde Agua', '2022-03-09 10:23:30', NULL, 4, NULL),
(84, 'Ramón ', 'López ', 'Chavira ', 'Teruel no. 3261 ', 'Santa Elena de la Cruz', 'Guadalajara', 'Jalisco', '(331) 453-5977', '(331) 453-5977', '(331) 453-5977', 'sin@_._', '0', 'Vehiculo color  Verde aqua', '2022-03-09 10:28:01', NULL, 4, NULL),
(85, 'MANUEL ', 'PARTIDA ', 'GRANADOS', 'RAFAEL VEGA SANCHEZ 454-A ', 'CONSTITUCION', 'Zapopan', 'Jalisco', '(332) 119-6168', '(332) 119-6168', '(332) 119-6168', 'sin@_._', '0', '', '2022-03-09 10:32:32', NULL, 4, NULL),
(86, 'Jesús Alberto ', 'Gómez', ' Moran', 'sin información', 'Lomas de la soledad ', 'Tonala', 'Jalisco', '(333) 473-7215', '(333) 473-7215', '(333) 473-7215', 'sin@_._', '0', 'sin información de calle y número', '2022-03-09 10:37:06', NULL, 4, NULL),
(87, 'José Miguel', 'Galvan ', 'Herrera', 'Cto. V. del Huron no. 215 -25A', 'Fraccionamiento Valle de los Encinos', 'tlajomulco de Zuñiga', 'Jalisco', '(000) 000-0000', '(000) 000-0000', '(331) 360-8051', 'sin@correo.com', '0', '', '2022-03-09 11:49:35', NULL, 3, NULL),
(88, 'Lorenzo ', 'García ', 'Becerra ', 'Sin información', 'Sin información', 'Sin información', 'Jalisco', '(331) 213-9560', '(331) 213-9560', '(331) 213-9560', 'sin@_._', '0', 'Sin información domicilio,ciudad,estado', '2022-03-09 11:50:01', NULL, 4, NULL),
(89, 'Luis Fernando ', 'Hernandez ', 'Gudiño', 'Rio tuito no. 617', ' Loma bonita ejidal', 'Zapopan', 'Jalisco', '(331) 237-3713', '(331) 237-3713', '(331) 237-3713', 'sin@_._', '0', 'color vehiculo Gris plata ', '2022-03-09 11:53:43', NULL, 4, NULL),
(90, 'Adalberto ', 'Hernández', 'Montaño', 'C.Antonio Garcia 1', 'Las Lomas Independencia', 'Guadalajara', 'Jalisco', '(000) 000-0000', '(000) 000-0000', '(331) 065-9438', 'sin@correo.com', '0', '', '2022-03-09 11:57:01', NULL, 3, NULL),
(91, 'David ', 'Cabral ', 'Arechiga', 'Jardin no. 1849', ' La palmira', 'Zapopan', 'Jalisco', '(332) 491-8960', '(332) 491-8960', '(332) 491-8960', 'sin@_._', '0', 'modelo BORA', '2022-03-09 11:57:41', NULL, 4, NULL),
(92, 'Luis Ramon ', 'Medina', ' Vallejo', 'Sabiduria no. 158-5', ' Infonavit Estadio', 'Guadalajara', 'Jalisco', '(331) 264-3336', '(331) 264-3336', '(331) 264-3336', 'sin@_._', '0', '', '2022-03-09 12:01:57', NULL, 4, NULL),
(93, 'Antonio ', 'Chavez', 'sin información', 'sin información', 'sin información', 'sin información', 'Jalisco', '(333) 137-6304', '(333) 137-6304', '(333) 137-6304', 'sin@_._', '0', 'sin información de domicilio,ciudad,estado y apellido materno', '2022-03-09 12:05:57', NULL, 4, NULL),
(94, 'Isaias ', 'Lizama ', 'Orozco', 'no. 45200 Juan Manuel Ruvalcaba', 'Santa Lucia', 'Zapopan', 'Jalisco', '(333) 456-8340', '(333) 456-8340', '(331) 406-8686', 'sin@_._', '0', 'Juan Manuel Mercado Martinez', '2022-03-09 12:13:27', NULL, 4, NULL),
(95, 'Juan Manuel', ' Ayala', 'sin información', 'Laguna de la Laja 4', 'Geovillas la Arbolada', 'Tlajomulco de Zuñiga', 'Jalisco', '(332) 898-4348', '(332) 898-4348', '(332) 898-4348', 'sin@_._', '0', 'modelo Versa color NARANJA', '2022-03-09 12:21:46', NULL, 4, NULL),
(96, 'Miguel Angel ', 'Hernandez ', 'Saldaña', 'Av. San Gaspar no. 132 ', 'Jalisco', 'Sin información', 'Jalisco', '(332) 384-9983', '(332) 384-9983', '(332) 384-9983', 'sin@_._', '0', 'Miguel Angel Hernandez Saldaña - Mario Hernandez Saldaña', '2022-03-09 12:41:21', NULL, 4, NULL),
(97, 'Antonio de Jesus ', 'Delgado ', 'Nuñez', 'calle Ejido no. 303', ' Las Huertas', 'Tlaquepaque', 'Jalisco', '(331) 030-8542', '(331) 030-8542', '(331) 030-8542', 'sin@_._', '0', '', '2022-03-09 12:49:31', NULL, 4, NULL),
(98, 'Asfaltos Guadalajara - ', 'Hector ', 'Gonzalez', 'Lauro Badillo núm 12 ', 'Brisas de Chapala', 'Chapala', 'Jalisco', '(000) 000-0000', '(000) 000-0000', '(331) 799-9751', 'compras@garciaascencio.com', '0', '', '2022-03-09 12:53:17', NULL, 3, NULL),
(99, 'GUSTAVO ALONSO ', 'PASCENCIA ', 'BLANCO', 'PORFIRIO DIAZ 113 ', 'CENTRO', 'Tlajomulco de Zuñiga', 'Jalisco', '(331) 350-0066', '(331) 350-0066', '(331) 350-0066', 'sin@_._', '0', '', '2022-03-09 12:54:54', NULL, 4, NULL),
(100, 'JOSE DANIEL ', 'OCHOA ', 'ESPINOZA', 'Sin información', 'SANTA ELENA ESTADIO', 'Guadalajara', 'Jalisco', '(331) 118-7312', '(331) 118-7312', '(331) 118-7312', 'sin@_._', '0', '', '2022-03-09 14:23:56', NULL, 4, NULL),
(101, 'CARLOS ', 'PALOMINO', ' CAMACHO', 'SANTA LUCIA 140 ', 'CENTRO', 'Zapopan', 'Jalisco', '(331) 365-5609', '(331) 365-5609', '(331) 365-5609', '', '0', '', '2022-03-09 14:28:04', NULL, 4, NULL),
(102, 'GILBERTO ', 'CLARK ', 'MONTEJO', 'PUERTA DEL SOL 105 ', 'REAL DEL SOL', 'TLAJOMULCO DE ZUÑIGA', 'Jalisco', '(332) 784-2217', '(332) 784-2217', '(332) 784-2217', 'sin@_._', '0', '', '2022-03-09 14:32:23', NULL, 4, NULL),
(103, 'GLORIA MATILDE ', 'SERRANO ', 'GONZALEZ', 'EL ROSARIO 783-A ', 'JARIDNES DE LOS ARCOS', 'Guadalajara', 'Jalisco', '(331) 231-5046', '(331) 231-5046', '(331) 231-5046', 'sin@_._', '0', '', '2022-03-09 14:36:51', NULL, 4, NULL),
(104, 'Abraham ', 'Arroyo ', 'Magallon', 'Calle salvadoreño 58', 'Valle de los olivos', 'Ixtlahuacan de los membrillos', 'Jalisco', '(331) 773-3037', '(331) 773-3037', '(331) 773-3037', 'sin@_._', '0', '', '2022-03-09 14:45:15', NULL, 4, NULL),
(105, 'Héctor Javier ', 'de la Torre ', 'Escobedo', 'San Juan de la Cruz no. 376 int. 2 ', 'Camino Real', 'Zapopan', 'Jalisco', '(332) 809-1662', '(332) 809-1662', '(333) 900-5627', 'sin@_._', '0', '', '2022-03-09 14:52:51', NULL, 4, NULL),
(106, 'Rodolfo ', 'Amaral ', 'Gonzalez ', 'Elba no. 1023 -2 ', 'Chapultepec', 'Guadalajara', 'Jalisco', '(331) 419-5753', '(331) 419-5753', '(331) 419-5753', 'sin@_._', '0', '', '2022-03-09 15:10:56', NULL, 4, NULL),
(107, 'Fabian ', 'Altamirano ', 'Sandoval ', 'Alvaro Obregon no. 35 ', 'San Luis Soyatlan', 'Tuxcueca ', 'Jalisco', '(331) 717-5544', '(331) 717-5544', '(331) 717-5544', 'sin@_._', '0', '', '2022-03-09 15:15:15', NULL, 4, NULL),
(108, 'Rogelio ', 'Alcaraz ', 'Ocampo ', ' Lemonier no. 226', ' Lomas Universidad', 'Zapopan', 'Jalisco', '(331) 603-7530', '(331) 603-7530', '(331) 603-7530', 'sin@_._', '0', '', '2022-03-09 15:22:21', NULL, 4, NULL),
(109, 'Guillermo ', 'Mancera ', 'Rodriguez', 'Sin información', 'Sin información', 'Sin información', 'Jalisco', '(452) 112-3029', '(452) 112-3029', '(452) 112-3029', 'comar.direccion@hotmail.com', '0', 'Sin información de domicilio,ciudad ni estado', '2022-03-09 15:25:54', NULL, 4, NULL),
(110, 'Rigoberto ', 'Hernandez ', 'Rodriguez', 'Fuente Brillante no. 1730 ', 'Villa Fontana', 'Zapopan', 'Jalisco', '(333) 247-8765', '(333) 247-8765', '(333) 038-4384', 'sin@_._', '0', ' \r\n', '2022-03-09 15:29:28', NULL, 4, NULL),
(111, 'Xicotencatl ', 'Aceves', ' Buendia', 'Circunvalación del gorreon no. 106 ', 'Fraccionamiento Puerta Grande', 'Tonala', 'Jalisco', '(332) 288-6941', '(332) 288-6941', '(332) 288-6941', 'sin@_._', '0', '', '2022-03-09 15:33:06', NULL, 4, NULL),
(112, 'Raul ', 'Soto ', 'Bazan ', 'Sin información', 'Cuauhtemoc', 'CDMX', 'CDMX', '(556) 477-5282', '(556) 477-5282', '(556) 477-5282', 'sin@_._', '0', 'Sin información de domicilio', '2022-03-09 15:36:46', NULL, 4, NULL),
(113, 'Roberto armando ', 'Castillo', 'sin información', 'Prof. Manuel Romero 49 ', 'Industrial', 'Matamoros', 'Tamaulipas', '(868) 170-4621', '(868) 170-4621', '(336) 059-2268', 'sin@_._', '0', '', '2022-03-09 15:41:36', NULL, 4, NULL),
(114, 'César Ricardo', 'Aldana', 'Murrieta', 'C. Madre Perla no. 56', 'Fraccionamiento La Perla ', 'Tlajomulco de Zuñiga', 'Jalisco', '(000) 000-0000', '(000) 000-0000', '(332) 647-4561', 'murris60@hotmail.com', '0', '', '2022-03-09 15:52:36', NULL, 3, NULL),
(115, 'Helios ', 'Aponte', '-', 'Paseo de los Chopos 2611', 'Tabachines', 'Zapopan', 'Jalisco', '(000) 000-0000', '(000) 000-0000', '(331) 090-2828', 'helios74@hotmail.com', '0', '', '2022-03-09 17:14:52', NULL, 3, NULL),
(116, 'Marcelino ', 'Gómez ', 'Morales', 'Aurelio Ortega no. 1176-10', 'La Seatle', 'Zapopan', 'Jalisco', '(000) 000-0000', '(333) 148-0482', '(331) 989-0380', 'adriana_tasik@hotmail.com', '0', '', '2022-03-10 09:27:03', NULL, 3, NULL),
(117, 'Alan', 'Omar', '-', '-', '-', 'Guadalajara', 'Jalisco', '(000) 000-0000', '(000) 000-0000', '(331) 724-1077', 'sin@correo.com', '0', '', '2022-03-10 09:44:48', NULL, 3, NULL),
(118, 'Carlos ', 'Orozco ', 'Hernández', 'Bernardo de Balbuena No. 378 ', 'Ladrón de Guevara', 'Guadalajara', 'Jalisco', '(332) 239-6756', '(332) 239-6756', '(332) 239-6756', 'proyectosit67@gmail.com', '0', '', '2022-03-10 09:46:46', NULL, 4, NULL),
(119, 'Óscar ', 'Morales', 'Lupercio', ' lago 9 num 2002', 'Rivera de chante', 'Jocotepec ', 'Jalisco', '(333) 177-7714', '(333) 177-7714', '(333) 177-7714', 'sin@_._', '0', '', '2022-03-10 09:55:02', NULL, 4, NULL),
(120, 'Alan Jesus ', 'Gonzalez ', 'Herrera', 'Brisas Marina no. 3838 ', 'Miramar', 'sin información', 'Jalisco', '(331) 145-7782', '(331) 145-7782', '(331) 145-7782', 'sin@_._', '0', 'sin información ciudad y estado', '2022-03-10 10:02:39', NULL, 4, NULL),
(121, 'Jose Luis', 'sin información', 'sin información', 'sin información', 'sin información', 'sin información', 'Jalisco', '(331) 972-9426', '(331) 972-9426', '(331) 972-9426', 'sin@_._', '0', 'sin información apellidos,domicilio,ciudad,estado', '2022-03-10 10:09:27', NULL, 4, NULL),
(122, 'Luis angel ', 'Cárdenas ', 'Sin información', 'Hacienda corralejos 1285a ', 'Sin información', 'San Isidro', 'Jalisco', '(523) 312-2571', '(523) 312-2571', '(523) 312-2571', 'sin@_._', '0', '', '2022-03-10 10:16:42', NULL, 4, NULL),
(123, 'Sergio Alberto ', 'Contreras ', 'Garibay', 'sin información', 'sin información', 'sin información', 'Jalisco', '(473) 111-8584', '(473) 111-8584', '(473) 111-8584', 'sin@_._', '0', 'sin información domicilio', '2022-03-10 10:21:10', NULL, 4, NULL),
(124, 'J. Ediwiges ', 'Hernández', 'Tejeda', 'Calle Juan Diego no. 9', 'Indigenas, San Juan de ocotan', 'zapopan', 'Jalisco', '(000) 000-0000', '(000) 000-0000', '(332) 564-3065', 'sin@correo.com', '0', '', '2022-03-10 12:42:33', NULL, 3, NULL),
(125, 'José', 'Gómez', 'Reyna', 'C. Paseo de los Robles no. 4080', 'San Wenceslao', 'Zapopan', 'Jalisco', '(000) 000-0000', '(000) 000-0000', '(331) 021-4611', 'sin@correo.com', '0', '', '2022-03-10 15:29:23', NULL, 3, NULL),
(126, 'Salvador Gómez  Vega', 'Iván Gomez Vega', '-', 'C. Isla Mexcalititan 4780', 'Parques Colon', 'San Pedro Tlaquepaque', 'Jalisco', '(000) 000-0000', '(333) 807-1990', '(333) 171-1747', 'ivangomez22@hotmai.com', '0', '', '2022-03-10 15:36:52', NULL, 3, NULL),
(127, 'José Luis ', 'Plascencia', 'Hernández', 'C. Felipe Angeles no. 1443', 'San Martin', 'Guadalajara', 'Jalisco', '(000) 000-0000', '(000) 000-0000', '(331) 184-7115', 'sin@correo.com', '0', '', '2022-03-10 15:56:32', NULL, 3, NULL),
(128, 'Jonathan Oscar', 'Zaragoza ', 'Ramirez', 'Manuel M. Diegues no. 119', 'El Rosario', 'Tonalá', 'Jalisco', '(000) 000-0000', '(000) 000-0000', '(333) 016-7274', 'sin@correo.com', '0', '', '2022-03-10 16:11:23', NULL, 3, NULL),
(129, 'José Antonio', 'Luna ', 'Carlos', 'C. Bruno Martinez no. 4392', 'Balcones del Cuatro', 'Guadalajara', 'Jalisco', '(000) 000-0000', '(000) 000-0000', '(331) 408-7441', 'sin.@correo.com', '0', '', '2022-03-10 16:23:18', NULL, 3, NULL),
(130, 'Zenaido Escogido ', 'Aaron Escogido', '-', 'Guillermo Vaca no. 4105', 'Patria', 'Guadalajara', 'Jalisco', '(000) 000-0000', '(000) 000-0000', '(331) 707-9115', 'sin@correo.com', '0', '', '2022-03-10 16:30:55', NULL, 3, NULL),
(131, 'Mónico', 'Rincón', 'Rodriguez', 'Luis Covarrubias 10', 'Valentin Gomez Farías', 'Tlaquepaque', 'Jalisco', '(000) 000-0000', '(000) 000-0000', '(331) 540-5287', 'sin@correo.com', '0', '', '2022-03-10 16:39:15', NULL, 3, NULL),
(132, 'Juan Arturo', 'Morales', 'Rodriguez', 'C. Jesús de la Torre no 3549', 'Paseos del Sol', 'Zapopan', 'Jalisco', '(000) 000-0000', '(000) 000-0000', '(333) 662-2993', 'sin@correo.com', '0', '', '2022-03-10 16:46:07', NULL, 3, NULL),
(133, 'Oscar Alejandro ', 'Perazzini', 'Sánchez', '-', 'Loma Bonija Ejidal', 'Zapopan', 'Jalisco', '(000) 000-0000', '(000) 000-0000', '(332) 184-3027', 'sin@correo.com', '0', '', '2022-03-10 17:05:58', NULL, 3, NULL),
(134, 'Gerardo ', 'Cabral', ' León', 'Hidalgo s-n', '-', '-', 'Jalisco', '(000) 000-0000', '(000) 000-0000', '(332) 154-6142', 'sin@correo.com', '0', '', '2022-03-10 17:19:32', NULL, 3, NULL),
(135, 'Fernando ', 'Hernandez ', 'Gomez', 'Hda Santa Cruz del Valle no. 2136 ', 'Oblatos', 'Guadalajara', 'Jalisco', '(331) 330-7620', '(331) 330-7620', '(332) 450-6023', 'sin@_._', '0', 'Fernando Hernandez Gomez- Adriana Cabrera Castillo (Dueña)', '2022-03-11 10:42:58', NULL, 4, NULL),
(136, 'Gabriel ', 'Gonzalez ', 'Carrasco', 'Nieve no. 326 ', 'Paseos Universidad', 'Zapopan', 'Jalisco', '(331) 459-0066', '(331) 459-0066', '(333) 457-9151', 'sin@_._', '0', 'Gabriel Gonzalez Carrasco-Ana Maria Olivia Casillas Villarreal\r\n', '2022-03-11 10:48:50', NULL, 4, NULL),
(137, 'Juan Carlos ', 'Ortega ', 'Castellanos', 'C. La Acordada Oriente no. 1571 ', 'Jardines del Country', 'Guadalajara', 'Jalisco', '(333) 185-5480', '(333) 185-5480', '(333) 185-5480', 'sin@_._', '0', '', '2022-03-11 10:53:20', NULL, 4, NULL),
(138, 'Domingo ', 'Ramos ', 'Tarin', 'sin información', 'sin información', 'sin información', 'Jalisco', '(321) 102-3808', '(321) 102-3808', '(321) 102-3808', 'sin@_._', '0', 'sin información de domicilio, ciudad y estado', '2022-03-11 10:57:24', NULL, 4, NULL),
(140, 'Macario ', 'Mercado ', 'Sin información', 'Sin información', 'Sin información', 'Sin información', 'Jalisco', '(332) 580-9794', '(332) 580-9794', '(332) 580-9794', 'sin@_._', '0', 'Sin información domicilio,ciudad y estado', '2022-03-11 11:05:54', NULL, 4, NULL),
(141, 'Martin ', 'Zapata', 'Virgen', 'Volcan mayon 5818 ', 'Huentitan el bajo', 'Guadalajara', 'Jalisco', '(331) 691-8371', '(331) 691-8371', '(331) 691-8371', 'sin@_._', '0', '', '2022-03-11 11:13:50', NULL, 4, NULL),
(142, 'Manuel ', 'Hernandez', 'Orozco', 'Loma Mancota no. 8053 ', 'Loma Dorada', 'Sin información', 'Jalisco', '(332) 457-0514', '(332) 457-0514', '(332) 457-0514', 'sin@_._', '0', 'Sin información ciudad y estado', '2022-03-11 11:17:23', NULL, 4, NULL),
(143, 'Ricardo', ' Arriaga ', 'Olivares ', 'Perth 541-14 ', 'Fraccionamiento valle de los molinos', 'Zapopan', 'Jalisco', '(331) 074-5585', '(331) 074-5585', '(331) 074-5585', 'sin@_._', '0', '', '2022-03-11 11:21:12', NULL, 4, NULL),
(144, 'Juan Antonio ', 'Valenzuela ', 'Venegas', 'Cerro Sur no 1051 ', 'Lomas de Independencia', 'Guadalajara', 'Jalisco', '(331) 353-8201', '(331) 353-8201', '(331) 353-8201', 'sin@_._', '0', '', '2022-03-11 11:38:10', NULL, 4, NULL),
(145, 'Daniel', 'Hermosillo', ' Mendoza', 'Valle de zapotlan #3133 ', 'Col. Parque Real', 'Zapopan', 'Jalisco', '(000) 000-0000', '(000) 000-0000', '(333) 073-7595', 'dhermosillo260@gmail.com', '0', '', '2022-03-11 11:42:43', NULL, 3, NULL),
(146, 'Leonardo ', 'Ruiz ', 'Aguiar', 'Sin información', 'Sin información', 'Sin información', 'Jalisco', '(311) 111-8800', '(311) 111-8800', '(311) 111-8800', 'sin@_._', '0', 'Sin información domicilio,ciudad y estado', '2022-03-11 11:43:49', NULL, 4, NULL),
(147, 'Jorge ', 'Framfky', ' Steinpreis ', 'Ciudad Real no. 29 ', 'Santa Anita', 'Sin información', 'Jalisco', '(331) 048-0787', '(331) 048-0787', '(331) 048-0787', 'sin@_._', '0', 'Sin información ciudad y estado', '2022-03-11 11:49:59', NULL, 4, NULL),
(148, 'José de Jesús ', 'Vázqueza', 'Camacho', 'Av. Madre Selva no. 165', 'Alamedas de Zalatitan', 'Tonalá ', 'Jalisco', '(000) 000-0000', '(000) 000-0000', '(333) 131-6948', 'chuy_cum@hotmail.com', '0', '', '2022-03-11 11:50:51', NULL, 3, NULL),
(149, 'Hugo', 'Diaz', 'Sin información', 'Coto 1 casa 201 ', 'Fraccionamiento monteverde', 'Sin información', 'Jalisco', '(331) 614-9449', '(331) 614-9449', '(331) 614-9449', 'sin@_._', '0', 'Sin información ciudad, estado', '2022-03-11 11:54:54', NULL, 4, NULL),
(150, 'Saul Jhonatan ', 'Ortiz ', 'Guerrero ', 'Melchor Ocampo no. 455', ' Ciudad Guzman', 'sin infromación', 'Jalisco', '(341) 430-8249', '(341) 430-8249', '(341) 430-8249', 'sin@_._', '0', 'sin infromación ciudad', '2022-03-11 12:03:52', NULL, 4, NULL),
(151, 'Gabriela ', 'Martín del Campo ', 'Padilla', 'Vereda del Azulejo #45', 'Sin información', 'Zapopan', 'Jalisco', '(333) 440-4529', '(333) 440-4529', '(333) 440-4529', 'sin@_._', '0', 'Sin información Colonia', '2022-03-11 12:07:38', NULL, 4, NULL),
(152, 'J. Jesus ', 'Guerrero ', 'Moreno ', 'Monte Alban no. 2331', ' Belisario Dominguez', 'Guadalajara', 'Jalisco', '(331) 333-1654', '(331) 333-1654', '(331) 333-1654', 'sin@_._', '0', '', '2022-03-11 12:14:27', NULL, 4, NULL),
(153, 'Adrian', 'Barragan', 'Checa', 'Privada Aztlan no. 86A', 'Ciudad Aztlán', 'Tonalá', 'Jalisco', '(000) 000-0000', '(000) 000-0000', '(332) 998-2224', 'sin@correo.com', '0', '', '2022-03-11 12:38:41', NULL, 3, NULL),
(154, 'Raul Vega Tovar', 'Aranzazu Vega', '-', 'Cale Verdin no. 1567', 'fraccionamiento 8 de Julio ', 'Tlaquepaque', 'Jalisco', '(000) 000-0000', '(000) 000-0000', '(333) 722-0044', 'sin@correo.com', '0', '', '2022-03-11 12:43:35', NULL, 3, NULL),
(155, 'Higinio', 'Garcia', 'Hernandez', 'C. Santander no. 2572', 'Santa Elena Alcalde ', 'Guadalajara', 'Jalisco', '(000) 000-0000', '(000) 000-0000', '(333) 105-0643', 'sin@correo.com', '0', '', '2022-03-11 13:26:44', NULL, 3, NULL),
(156, 'Moises ', 'Jarero', 'Reynoso', 'C. Juarez no. 114', 'Tonala Centro', 'Tonalá ', 'Jalisco', '(000) 000-0000', '(000) 000-0000', '(331) 141-7154', 'sin@correo.com', '0', '', '2022-03-11 13:36:59', NULL, 3, NULL),
(157, 'Maria Ponce', 'Francisco Javier Lemus Ponce', '-', 'C. Fray Juan de San Miguel no. 295', 'Alcalde Barranquitas', 'Guadalajara', 'Jalisco', '(000) 000-0000', '(000) 000-0000', '(331) 117-9925', 'sin@correo.com', '0', '', '2022-03-11 13:47:06', NULL, 3, NULL),
(158, 'Ana Isabel ', 'Morales ', 'Ortiz', 'San Rafael Arcángel 4194-1 ', 'Lomas de San Miguel,', 'Tlaquepaque', 'Jalisco', '(332) 582-0104', '(332) 582-0104', '(332) 582-0104', 'sin@_._', '0', '', '2022-03-11 14:12:56', NULL, 4, NULL),
(159, 'Daniel ', 'Hermosillo ', 'Mendoza', 'Valle de zapotlan #3133', 'Parque Real', 'Sin información', 'Jalisco', '(333) 073-7595', '(333) 073-7595', '(333) 073-7595', 'sin@_._', '0', 'Sin información ciudad y estado', '2022-03-11 14:16:25', NULL, 4, NULL),
(160, 'Martín Hugo', ' Reynoso ', 'Pérez', 'Arco nuremberg 1126 interior 11', 'Arcos de Zapopan', 'Zapopan', 'Jalisco', '(332) 403-0896', '(332) 403-0896', '(332) 403-0896', 'sin@_._', '0', '', '2022-03-11 16:10:09', NULL, 4, NULL),
(161, 'Silverio ', 'Infante ', 'Zavala', 'abasolo Atotnilco el Bajo', 'abasolo Atotnilco el Bajo', 'Villa Victoria', 'Jalisco', '(331) 799-7067', '(331) 799-7067', '(331) 799-7067', 'sin@_._', '0', '', '2022-03-11 16:14:06', NULL, 4, NULL),
(162, 'Marco Antonio ', 'Perez ', 'Gomez', 'Sin información', 'Sin información', 'Sin información', 'Jalisco', '(333) 475-0590', '(333) 475-0590', '(333) 475-0590', 'sin@_._', '0', 'Sin información domicilio, ciudad y estado', '2022-03-11 16:22:37', NULL, 4, NULL),
(163, 'Carlos Benjamin ', 'Ornelas ', 'Ortiz', 'Privada Sindicato no. 1148 ', 'Francisco Silva Romero', 'Sin información', 'Jalisco', '(331) 209-2151', '(331) 209-2151', '(331) 209-2151', '', '0', 'Sin información ciudad y estado', '2022-03-11 16:27:46', NULL, 4, NULL),
(164, 'JORGE ', 'PROA ', 'VARGAS', 'Circuito de ARTESANO 602', 'Los Cantaros', 'TLAJOMULCO DE ZUÑIGA', 'Jalisco', '(332) 544-7117', '(332) 544-7117', '(332) 544-7117', 'sin@_._', '0', 'Modelo BORA color PLATA', '2022-03-11 16:31:33', NULL, 4, NULL),
(165, 'Manuel ', 'Aleman ', 'Gomez ', 'Obregon no. 58 ', 'Las Pintitas', 'El Salto', 'Jalisco', '(333) 232-8390', '(333) 232-8390', '(333) 232-8390', 'sin@_._', '0', '', '2022-03-11 16:36:10', NULL, 4, NULL),
(166, 'FRANCISCO ', 'GOMEZ ', 'MEAVE', 'PASEO DEL EUCALIPTO 272', 'BOSQUES DEL CENTINELA 2', 'Zapopan', 'Jalisco', '(332) 160-9723', '(332) 160-9723', '(332) 160-9723', 'sin@_._', '0', '', '2022-03-11 16:40:23', NULL, 4, NULL),
(167, 'Ramses Javier ', 'Carrillo ', 'Casillas', 'Sin información', 'Sin información', 'Sin información', 'Jalisco', '(331) 466-1583', '(331) 466-1583', '(331) 466-1583', 'sin@_._', '0', 'Sin información domicilio,ciudad y estado', '2022-03-11 16:43:47', NULL, 4, NULL),
(168, 'Alfonso ', 'Rubio ', 'Hernández', 'C. ERmita no. 1261', 'Chapalita', 'Guadalajara', 'Jalisco', '(000) 000-0000', '(000) 000-0000', '(331) 601-4842', 'sin@correo.com', '0', '', '2022-03-11 16:45:18', NULL, 3, NULL),
(169, 'Francisco Javier ', 'Hernandez ', 'Hernandez', ' Rosales no. 18 ', 'San Martin de las Flores', 'San Pedro Tlaquepaque', 'Jalisco', '(332) 664-9569', '(332) 664-9569', '(332) 664-9569', 'sin@_._', '0', 'Francisco Javier Hernandez Hernandez- Mónica Lopez Vazquez', '2022-03-11 17:06:28', NULL, 4, NULL),
(170, 'Fernando ', 'Rivas', 'Sin información', ' Hacienda huerta vieja número 1283-2 ', 'Oblatos', 'Sin información', 'Jalisco', '(332) 114-7315', '(332) 114-7315', '(332) 114-7315', 'sin@_._', '0', 'Sin información ciudad y estado', '2022-03-11 17:10:18', NULL, 4, NULL),
(171, 'Bertha Angélica ', 'Rodríguez ', 'Oropeza', 'Agustín Rivera #230 casa 3', 'Azalea Santa Anita', 'Tlaquepaque', 'Jalisco', '(331) 574-0272', '(331) 574-0272', '(331) 574-0272', 'sin@_._', '0', '', '2022-03-11 17:14:34', NULL, 4, NULL),
(172, 'Martin ', 'Gutierrez', 'Sin información', 'Francisco Tejeda 1917', ' Guadalupana', 'Guadalajara', 'Jalisco', '(333) 140-2229', '(333) 140-2229', '(333) 140-2229', 'sin@_._', '0', '', '2022-03-11 17:17:51', NULL, 4, NULL);

CREATE TABLE `colores` (
  `id_color` int(4) NOT NULL,
  `color` varchar(40) COLLATE utf8mb4_spanish_ci DEFAULT NULL,
  `status` char(1) COLLATE utf8mb4_spanish_ci NOT NULL DEFAULT '0',
  `fecha_creacion` datetime DEFAULT NULL,
  `fecha_mod` datetime DEFAULT NULL,
  `id_capC` int(11) DEFAULT NULL,
  `id_capM` int(11) DEFAULT NULL
) ENGINE=InnoDB DEFAULT CHARSET=utf8mb4 COLLATE=utf8mb4_spanish_ci;

INSERT INTO `colores` (`id_color`, `color`, `status`, `fecha_creacion`, `fecha_mod`, `id_capC`, `id_capM`) VALUES
(1, 'Rojo', '0', '2022-03-01 12:01:28', NULL, 2, NULL),
(2, 'Azul', '0', '2022-03-01 12:01:31', NULL, 2, NULL),
(3, 'Blanco', '0', '2022-03-01 15:24:37', NULL, 3, NULL),
(4, 'Arena', '0', '2022-03-01 15:24:43', NULL, 3, NULL),
(5, 'Negro', '0', '2022-03-01 15:24:51', NULL, 3, NULL),
(7, 'Gris', '0', '2022-03-01 15:25:52', NULL, 3, NULL),
(8, 'sin color', '0', '2022-03-02 09:09:40', NULL, 3, NULL),
(9, 'Platinum', '0', '2022-03-02 11:20:26', NULL, 3, NULL),
(10, 'Chocolate', '0', '2022-03-02 15:15:05', NULL, 3, NULL),
(11, 'Blanco y Negro', '0', '2022-03-04 17:09:34', NULL, 3, NULL),
(12, 'Verde', '0', '2022-03-05 09:11:21', NULL, 3, NULL),
(13, 'Caqui', '0', '2022-03-05 13:03:39', NULL, 3, NULL),
(14, 'tinto', '0', '2022-03-07 10:26:07', NULL, 3, NULL);


CREATE TABLE `linkvideos` (
  `id_linkVideo` int(11) NOT NULL,
  `link` text COLLATE utf8mb4_spanish_ci NOT NULL,
  `fecha_creacion` datetime DEFAULT NULL,
  `fecha_mod` datetime DEFAULT NULL,
  `id_capC` int(11) DEFAULT NULL,
  `id_capM` int(11) DEFAULT NULL
) ENGINE=InnoDB DEFAULT CHARSET=utf8mb4 COLLATE=utf8mb4_spanish_ci;

INSERT INTO `linkvideos` (`id_linkVideo`, `link`, `fecha_creacion`, `fecha_mod`, `id_capC`, `id_capM`) VALUES
(1, 'sin video.', '2022-03-10 13:32:48', NULL, 6, NULL),
(2, 'sin video fue orden cancelada ', '2022-03-10 13:46:43', NULL, 6, NULL),
(3, 'sin video solo fue servicio ', '2022-03-10 13:50:31', NULL, 6, NULL),
(4, 'sin video', '2022-03-10 14:04:36', NULL, 6, NULL),
(5, 'sin video', '2022-03-10 17:19:54', NULL, 6, NULL),
(6, 'sin video', '2022-03-10 17:23:45', NULL, 6, NULL),
(7, 'sin video', '2022-03-10 17:25:23', NULL, 6, NULL),
(8, 'sin video', '2022-03-10 17:27:25', NULL, 6, NULL),
(9, 'sin video', '2022-03-10 17:28:26', NULL, 6, NULL),
(10, 'https://jsolautomotriz.workplace.com/groups/470705204019136/permalink/640830410339947/', '2022-03-11 09:42:53', NULL, 6, NULL),
(11, 'sin video', '2022-03-11 09:46:41', NULL, 6, NULL),
(12, 'sin video', '2022-03-11 09:49:12', NULL, 6, NULL),
(13, 'https://jsolautomotriz.workplace.com/groups/470705204019136/permalink/640666677022987/', '2022-03-11 09:51:53', NULL, 6, NULL),
(14, 'sin video', '2022-03-11 09:52:59', NULL, 6, NULL),
(15, 'sin video', '2022-03-11 10:53:47', NULL, 6, NULL),
(16, 'https://jsolautomotriz.workplace.com/groups/470705204019136/permalink/641216613634660/', '2022-03-11 10:56:07', NULL, 6, NULL),
(17, 'sin video', '2022-03-11 17:12:38', NULL, 6, NULL),
(18, 'sin video', '2022-03-11 17:15:57', NULL, 6, NULL),
(19, 'https://jsolautomotriz.workplace.com/groups/470705204019136/permalink/641322430290745/', '2022-03-11 17:24:50', NULL, 6, NULL),
(20, 'sin video', '2022-03-11 17:51:32', NULL, 6, NULL),
(21, 'sin video', '2022-03-11 18:00:53', NULL, 6, NULL);

CREATE TABLE `marcas` (
  `id_marca` int(11) UNSIGNED NOT NULL,
  `marca` varchar(30) COLLATE utf8mb4_spanish_ci NOT NULL,
  `fecha_creacion` datetime DEFAULT NULL,
  `fecha_mod` datetime DEFAULT NULL,
  `id_capC` int(11) DEFAULT NULL,
  `id_capM` int(11) DEFAULT NULL
) ENGINE=InnoDB DEFAULT CHARSET=utf8mb4 COLLATE=utf8mb4_spanish_ci;

INSERT INTO `marcas` (`id_marca`, `marca`, `fecha_creacion`, `fecha_mod`, `id_capC`, `id_capM`) VALUES
(1, 'Acura', '0000-00-00 00:00:00', '0000-00-00 00:00:00', 1, 0),
(3, 'Audi', '0000-00-00 00:00:00', '0000-00-00 00:00:00', 1, 0),
(4, 'BMW', '0000-00-00 00:00:00', '0000-00-00 00:00:00', 1, 0),
(5, 'Buick', '0000-00-00 00:00:00', '0000-00-00 00:00:00', 1, 0),
(6, 'Cadillac', '0000-00-00 00:00:00', '0000-00-00 00:00:00', 1, 0),
(7, 'Chevrolet', '0000-00-00 00:00:00', '0000-00-00 00:00:00', 1, 0),
(8, 'Chrysler', '0000-00-00 00:00:00', '2022-02-21 16:54:10', 1, 2),
(9, 'Datsun', '0000-00-00 00:00:00', '0000-00-00 00:00:00', 1, 0),
(10, 'Dodge', '0000-00-00 00:00:00', '0000-00-00 00:00:00', 1, 0),
(11, 'FIAT', '0000-00-00 00:00:00', '0000-00-00 00:00:00', 1, 0),
(12, 'Ford', '0000-00-00 00:00:00', '0000-00-00 00:00:00', 1, 0),
(13, 'General Motors', '0000-00-00 00:00:00', '0000-00-00 00:00:00', 1, 0),
(14, 'GMC', '0000-00-00 00:00:00', '0000-00-00 00:00:00', 1, 0),
(16, 'Honda', '0000-00-00 00:00:00', '2022-02-22 16:00:21', 1, 2),
(17, 'Hummer', '0000-00-00 00:00:00', '0000-00-00 00:00:00', 1, 0),
(18, 'Hyundai', '0000-00-00 00:00:00', '0000-00-00 00:00:00', 1, 0),
(19, 'Infinity', '0000-00-00 00:00:00', '0000-00-00 00:00:00', 1, 0),
(20, 'International', '0000-00-00 00:00:00', '0000-00-00 00:00:00', 1, 0),
(21, 'Isuzu', '0000-00-00 00:00:00', '0000-00-00 00:00:00', 1, 0),
(22, 'Jaguar', '0000-00-00 00:00:00', '0000-00-00 00:00:00', 1, 0),
(23, 'Jeep', '0000-00-00 00:00:00', '0000-00-00 00:00:00', 1, 0),
(24, 'KIA', '0000-00-00 00:00:00', '0000-00-00 00:00:00', 1, 0),
(25, 'Land Rover', '0000-00-00 00:00:00', '0000-00-00 00:00:00', 1, 0),
(26, 'Lincoln', '0000-00-00 00:00:00', '0000-00-00 00:00:00', 1, 0),
(27, 'Mazda', '0000-00-00 00:00:00', '0000-00-00 00:00:00', 1, 0),
(28, 'Mercedes Benz', '0000-00-00 00:00:00', '0000-00-00 00:00:00', 1, 0),
(29, 'Mercury', '0000-00-00 00:00:00', '0000-00-00 00:00:00', 1, 0),
(30, 'Mini cooper', '0000-00-00 00:00:00', '0000-00-00 00:00:00', 1, 0),
(31, 'Mitsubishi', '0000-00-00 00:00:00', '0000-00-00 00:00:00', 1, 0),
(32, 'Nissan', '0000-00-00 00:00:00', '0000-00-00 00:00:00', 1, 0),
(33, 'Peugeot', '0000-00-00 00:00:00', '0000-00-00 00:00:00', 1, 0),
(34, 'Pontiac', '0000-00-00 00:00:00', '0000-00-00 00:00:00', 1, 0),
(35, 'Porshe', '0000-00-00 00:00:00', '0000-00-00 00:00:00', 1, 0),
(36, 'Ram', '0000-00-00 00:00:00', '0000-00-00 00:00:00', 1, 0),
(37, 'Renault', '0000-00-00 00:00:00', '0000-00-00 00:00:00', 1, 0),
(38, 'Seat', '0000-00-00 00:00:00', '0000-00-00 00:00:00', 1, 0),
(39, 'Subaru', '0000-00-00 00:00:00', '0000-00-00 00:00:00', 1, 0),
(40, 'Suzuki', '0000-00-00 00:00:00', '0000-00-00 00:00:00', 1, 0),
(41, 'Toyota', '0000-00-00 00:00:00', '0000-00-00 00:00:00', 1, 0),
(42, 'Volvo', '0000-00-00 00:00:00', '2022-02-22 16:00:45', 1, 2),
(43, 'VW', '0000-00-00 00:00:00', '0000-00-00 00:00:00', 1, 0),
(44, 'ZDX', '0000-00-00 00:00:00', '0000-00-00 00:00:00', 1, 0);

CREATE TABLE `modelos` (
  `id_modelo` int(11) NOT NULL,
  `id_marca` int(11) NOT NULL,
  `modelo` varchar(50) COLLATE utf8mb4_spanish_ci NOT NULL,
  `fecha_creacion` datetime DEFAULT NULL,
  `fecha_mod` datetime DEFAULT NULL,
  `id_capC` int(11) DEFAULT NULL,
  `id_capM` int(11) DEFAULT NULL
) ENGINE=InnoDB DEFAULT CHARSET=utf8mb4 COLLATE=utf8mb4_spanish_ci;

INSERT INTO `modelos` (`id_modelo`, `id_marca`, `modelo`, `fecha_creacion`, `fecha_mod`, `id_capC`, `id_capM`) VALUES
(1, 3, 'A1', '2022-02-21 16:30:01', NULL, 2, NULL),
(2, 3, 'A3', '2022-02-21 16:30:26', NULL, 2, NULL),
(3, 3, 'Q2', '2022-02-21 16:31:00', NULL, 2, NULL),
(4, 3, 'A4', '2022-02-21 16:31:17', NULL, 2, NULL),
(5, 3, 'A5', '2022-02-21 16:31:45', NULL, 2, NULL),
(6, 3, 'A6', '2022-02-21 16:32:03', NULL, 2, NULL),
(7, 3, 'Q5', '2022-02-21 16:32:31', NULL, 2, NULL),
(8, 4, '335', '2022-02-21 16:33:59', NULL, 2, NULL),
(9, 4, '530', '2022-02-21 16:34:21', NULL, 2, NULL),
(10, 4, '120i', '2022-02-21 16:35:12', NULL, 2, NULL),
(11, 4, 'Serie 3', '2022-02-21 16:35:51', NULL, 2, NULL),
(12, 4, '330ci', '2022-02-21 16:39:55', NULL, 2, NULL),
(13, 4, 'Serie 5', '2022-02-21 16:40:28', NULL, 2, NULL),
(14, 4, 'X1', '2022-02-21 16:40:59', NULL, 2, NULL),
(15, 4, '545', '2022-02-21 16:41:26', NULL, 2, NULL),
(16, 4, 'X3', '2022-02-21 16:41:48', NULL, 2, NULL),
(17, 4, '320i', '2022-02-21 16:42:11', NULL, 2, NULL),
(18, 4, '325', '2022-02-21 16:42:43', NULL, 2, NULL),
(19, 4, 'X5', '2022-02-21 16:43:07', NULL, 2, NULL),
(20, 4, 'Z3', '2022-02-21 16:43:26', NULL, 2, NULL),
(21, 4, '323i', '2022-02-21 16:43:50', NULL, 2, NULL),
(22, 4, '325i', '2022-02-21 16:44:13', NULL, 2, NULL),
(23, 4, '330i', '2022-02-21 16:44:31', NULL, 2, NULL),
(24, 4, 'i3', '2022-02-21 16:45:00', NULL, 2, NULL),
(25, 4, 'Serie 1', '2022-02-21 16:45:27', NULL, 2, NULL),
(26, 8, 'Blazer', '2022-02-21 16:53:45', NULL, 2, NULL),
(27, 8, 'Van express', '2022-02-21 16:54:52', NULL, 2, NULL),
(28, 7, 'Chevy Monza', '2022-02-21 16:55:48', NULL, 2, NULL),
(29, 7, 'Cutlass', '2022-02-21 16:56:12', NULL, 2, NULL),
(30, 7, 'Equinox', '2022-02-21 16:56:38', NULL, 2, NULL),
(31, 7, 'Suburban', '2022-02-21 16:57:07', NULL, 2, NULL),
(32, 7, 'Sonic', '2022-02-21 16:57:32', NULL, 2, NULL),
(33, 7, 'Silverado', '2022-02-21 16:58:03', NULL, 2, NULL),
(34, 7, 'Venture', '2022-02-21 16:58:24', NULL, 2, NULL),
(35, 7, 'Chevy', '2022-02-21 16:58:47', NULL, 2, NULL),
(36, 7, 'Malibu', '2022-02-21 17:01:26', NULL, 2, NULL),
(37, 7, 'Cruze', '2022-02-21 17:01:54', NULL, 2, NULL),
(38, 7, 'Torrent Pontiac', '2022-02-21 17:02:22', NULL, 2, NULL),
(39, 7, 'Astra', '2022-02-21 17:02:47', NULL, 2, NULL),
(40, 7, 'Aveo', '2022-02-21 17:03:11', NULL, 2, NULL),
(41, 7, 'Colorado', '2022-02-21 17:03:40', NULL, 2, NULL),
(42, 7, 'Captiva', '2022-02-21 17:04:06', NULL, 2, NULL),
(43, 7, 'Chevy Confort', '2022-02-21 17:04:30', NULL, 2, NULL),
(44, 7, 'Cheyenne', '2022-02-21 17:04:49', NULL, 2, NULL),
(45, 7, 'Tracks', '2022-02-21 17:05:06', NULL, 2, NULL),
(46, 7, 'Trail Blazer', '2022-02-21 17:06:06', NULL, 2, NULL),
(47, 7, 'Vectra', '2022-02-21 17:06:28', NULL, 2, NULL),
(48, 7, 'HHR', '2022-02-21 17:06:52', NULL, 2, NULL),
(49, 7, 'Chevy C2', '2022-02-21 17:07:14', NULL, 2, NULL),
(50, 7, 'Avalanche', '2022-02-21 17:07:31', NULL, 2, NULL),
(51, 7, 'Silverado 2500', '2022-02-21 17:08:05', NULL, 2, NULL),
(52, 7, 'Uplander', '2022-02-21 17:09:05', NULL, 2, NULL),
(53, 7, 'Tracker', '2022-02-21 17:09:28', NULL, 2, NULL),
(54, 7, 'S10', '2022-02-21 17:09:45', NULL, 2, NULL),
(55, 7, 'Enclave', '2022-02-21 17:10:02', NULL, 2, NULL),
(56, 7, 'Silhouette', '2022-02-21 17:10:33', NULL, 2, NULL),
(57, 7, 'Camaro', '2022-02-21 17:10:52', NULL, 2, NULL),
(58, 7, 'Corvette', '2022-02-21 17:11:16', NULL, 2, NULL),
(59, 7, 'Cavalier', '2022-02-21 17:11:38', NULL, 2, NULL),
(60, 7, 'Van', '2022-02-21 17:12:06', NULL, 2, NULL),
(61, 7, 'Sonora', '2022-02-21 17:12:27', NULL, 2, NULL),
(62, 7, 'C10', '2022-02-21 17:12:46', NULL, 2, NULL),
(63, 7, 'Trax', '2022-02-21 17:13:04', NULL, 2, NULL),
(64, 7, 'Astra Wagon', '2022-02-21 17:13:32', NULL, 2, NULL),
(65, 7, 'Tornado', '2022-02-21 17:13:53', NULL, 2, NULL),
(66, 7, 'Zafira', '2022-02-21 17:14:15', NULL, 2, NULL),
(67, 7, 'Optra LS', '2022-02-21 17:14:40', NULL, 2, NULL),
(68, 7, 'Silverado 1500', '2022-02-21 17:15:06', NULL, 2, NULL),
(69, 7, 'Corsa', '2022-02-21 17:20:51', NULL, 2, NULL),
(70, 7, 'Chevy Van 20', '2022-02-21 17:21:29', NULL, 2, NULL),
(71, 7, 'Camaro Z28', '2022-02-21 17:22:33', NULL, 2, NULL),
(72, 7, 'Xtrail Blazer', '2022-02-21 17:23:04', NULL, 2, NULL),
(73, 7, 'Cobalt', '2022-02-21 17:23:42', NULL, 2, NULL),
(74, 7, 'Geo Tracker', '2022-02-21 17:24:50', NULL, 2, NULL),
(75, 7, 'Astra Opel', '2022-02-21 17:25:25', NULL, 2, NULL),
(76, 7, 'CargoVan', '2022-02-21 17:26:15', NULL, 2, NULL),
(77, 7, 'Express', '2022-02-21 17:26:52', NULL, 2, NULL),
(78, 7, 'Impala Lt', '2022-02-21 17:27:27', NULL, 2, NULL),
(79, 7, 'Sonic Lt', '2022-02-21 17:27:47', NULL, 2, NULL),
(80, 7, 'Spark', '2022-02-21 17:28:03', NULL, 2, NULL),
(81, 7, 'Buick', '2022-02-21 17:28:28', NULL, 2, NULL),
(82, 23, 'Unlimited', '2022-02-21 17:29:47', NULL, 2, NULL),
(83, 23, 'Renegade', '2022-02-21 17:30:36', NULL, 2, NULL),
(84, 23, 'Cherokee SRT', '2022-02-21 17:31:22', NULL, 2, NULL),
(85, 23, 'Wagoneer', '2022-02-21 17:32:01', NULL, 2, NULL),
(86, 23, 'Cherokee Laredo', '2022-02-21 17:33:09', NULL, 2, NULL),
(87, 23, 'Patriot', '2022-02-21 17:33:39', NULL, 2, NULL),
(88, 23, 'Sahara', '2022-02-21 17:35:13', NULL, 2, NULL),
(89, 23, 'Wrangler', '2022-02-21 17:35:52', NULL, 2, NULL),
(90, 23, 'Comanche', '2022-02-21 17:36:27', NULL, 2, NULL),
(91, 23, 'Comander', '2022-02-21 17:37:25', NULL, 2, NULL),
(92, 23, 'Rubicon', '2022-02-21 17:38:31', NULL, 2, NULL),
(93, 23, 'Cherokee', '2022-02-21 17:38:54', NULL, 2, NULL),
(94, 23, 'Cherokee Sport', '2022-02-22 09:22:44', NULL, 2, NULL),
(95, 23, 'Cherokee Sport', '2022-02-22 09:22:44', NULL, 2, NULL),
(96, 23, 'Grand Cherokee', '2022-02-22 09:23:11', NULL, 2, NULL),
(97, 23, 'Compass', '2022-02-22 09:23:40', NULL, 2, NULL),
(98, 23, 'Compass', '2022-02-22 09:23:40', NULL, 2, NULL),
(99, 23, 'Liberty', '2022-02-22 09:25:15', NULL, 2, NULL),
(100, 12, 'Windstar', '2022-02-22 09:25:39', NULL, 2, NULL),
(101, 12, 'Windstar', '2022-02-22 09:25:39', NULL, 2, NULL),
(102, 12, 'Explorer', '2022-02-22 09:26:26', NULL, 2, NULL),
(103, 12, 'Grand Marquis', '2022-02-22 09:27:05', NULL, 2, NULL),
(104, 12, 'Mondeo', '2022-02-22 09:27:24', NULL, 2, NULL),
(105, 12, 'Ghia', '2022-02-22 09:28:58', NULL, 2, NULL),
(106, 12, 'Ghia', '2022-02-22 09:28:58', NULL, 2, NULL),
(107, 12, 'Mystic', '2022-02-22 09:29:14', NULL, 2, NULL),
(108, 12, 'Ranger', '2022-02-22 09:29:28', NULL, 2, NULL),
(109, 12, 'Expedition', '2022-02-22 09:29:51', NULL, 2, NULL),
(110, 12, 'Escape', '2022-02-22 09:30:15', NULL, 2, NULL),
(111, 12, 'Courier', '2022-02-22 09:30:30', NULL, 2, NULL),
(112, 12, 'Freestar', '2022-02-22 09:30:50', NULL, 2, NULL),
(113, 12, 'Focus', '2022-02-22 09:31:08', NULL, 2, NULL),
(114, 12, 'Lobo', '2022-02-22 09:31:26', NULL, 2, NULL),
(115, 12, 'Edge', '2022-02-22 09:31:56', NULL, 2, NULL),
(116, 12, 'Lobo Pick Up', '2022-02-22 09:32:58', NULL, 2, NULL),
(117, 12, 'Mustang', '2022-02-22 09:33:21', NULL, 2, NULL),
(118, 12, 'Taurus', '2022-02-22 09:33:46', NULL, 2, NULL),
(119, 12, 'Escort', '2022-02-22 09:34:17', NULL, 2, NULL),
(120, 12, 'F 150', '2022-02-22 09:34:32', NULL, 2, NULL),
(121, 12, 'Sable', '2022-02-22 09:34:51', NULL, 2, NULL),
(122, 12, 'Sable', '2022-02-22 09:34:51', NULL, 2, NULL),
(123, 12, 'Fiesta', '2022-02-22 09:35:13', NULL, 2, NULL),
(124, 12, 'Mercury', '2022-02-22 09:35:35', NULL, 2, NULL),
(125, 12, 'Linea B800', '2022-02-22 09:35:56', NULL, 2, NULL),
(126, 12, 'Fusion', '2022-02-22 09:37:06', NULL, 2, NULL),
(127, 12, 'F 250', '2022-02-22 09:37:21', NULL, 2, NULL),
(128, 12, 'Excursion', '2022-02-22 09:37:39', NULL, 2, NULL),
(129, 12, 'F 450', '2022-02-22 09:37:52', NULL, 2, NULL),
(130, 12, 'Sport track', '2022-02-22 09:38:18', NULL, 2, NULL),
(131, 12, 'Econoline', '2022-02-22 09:38:34', NULL, 2, NULL),
(132, 12, 'F 350', '2022-02-22 09:38:50', NULL, 2, NULL),
(133, 12, 'AOD', '2022-02-22 09:39:07', NULL, 2, NULL),
(134, 12, 'Lobo Limite', '2022-02-22 09:39:31', NULL, 2, NULL),
(135, 10, 'Pacifica', '2022-02-22 09:40:12', NULL, 2, NULL),
(137, 39, 'Legacy', '2022-02-22 10:15:07', NULL, 2, NULL),
(138, 11, 'Panda', '2022-02-22 10:15:33', NULL, 2, NULL),
(139, 24, 'Forte', '2022-02-22 10:17:13', NULL, 2, NULL),
(140, 35, 'Cayenne', '2022-02-22 10:29:56', NULL, 2, NULL),
(141, 5, 'Enclave', '2022-02-22 14:11:56', NULL, 2, NULL),
(142, 25, 'LR3', '2022-02-22 14:12:21', NULL, 2, NULL),
(143, 25, 'Freelander', '2022-02-22 14:14:16', NULL, 2, NULL),
(144, 22, 'S-type', '2022-02-22 14:15:01', NULL, 2, NULL),
(146, 25, 'Evoque', '2022-02-22 14:23:35', NULL, 2, NULL),
(147, 25, 'LR2', '2022-02-22 14:28:49', NULL, 2, NULL),
(148, 25, 'LR2', '2022-02-22 14:28:49', NULL, 2, NULL),
(149, 25, 'Range Lover', '2022-02-22 14:29:15', NULL, 2, NULL),
(150, 25, 'Range Lover', '2022-02-22 14:29:15', NULL, 2, NULL),
(151, 25, 'Discovery', '2022-02-22 14:29:37', NULL, 2, NULL),
(152, 38, 'León', '2022-02-22 14:30:34', NULL, 2, NULL),
(153, 38, 'Ibiza', '2022-02-22 14:38:22', NULL, 2, NULL),
(156, 38, 'Toledo', '2022-02-22 14:48:13', NULL, 2, NULL),
(157, 38, 'Alhambra', '2022-02-22 14:54:41', NULL, 2, NULL),
(158, 38, 'Altea', '2022-02-22 14:55:05', NULL, 2, NULL),
(159, 1, 'MDX', '2022-02-22 14:55:32', '2022-02-25 11:13:01', 2, 2),
(161, 1, 'TL', '2022-02-22 14:55:53', NULL, 2, NULL),
(162, 33, '206', '2022-02-22 14:56:16', NULL, 2, NULL),
(163, 33, '301', '2022-02-22 14:56:39', NULL, 2, NULL),
(164, 33, '307cc', '2022-02-22 14:56:56', NULL, 2, NULL),
(165, 33, 'Parnet', '2022-02-22 14:57:21', NULL, 2, NULL),
(166, 33, 'Parnet', '2022-02-22 14:57:21', NULL, 2, NULL),
(167, 33, '300c', '2022-02-22 14:57:37', NULL, 2, NULL),
(168, 33, '607', '2022-02-22 14:57:53', NULL, 2, NULL),
(170, 33, 'Pinifarina', '2022-02-22 14:58:21', NULL, 2, NULL),
(171, 33, '207', '2022-02-22 14:58:41', NULL, 2, NULL),
(172, 36, '2500', '2022-02-22 14:59:02', NULL, 2, NULL),
(174, 36, 'Pick Up 2500', '2022-02-22 14:59:26', NULL, 2, NULL),
(175, 36, 'Van 1500', '2022-02-22 15:24:46', NULL, 2, NULL),
(176, 36, '3500', '2022-02-22 15:25:17', NULL, 2, NULL),
(177, 30, 'Chili', '2022-02-22 15:25:53', NULL, 2, NULL),
(178, 19, 'JX35', '2022-02-22 15:26:19', NULL, 2, NULL),
(179, 19, 'i30', '2022-02-22 15:26:49', NULL, 2, NULL),
(180, 19, 'Q45', '2022-02-22 15:27:08', NULL, 2, NULL),
(181, 31, 'Lancer', '2022-02-22 15:27:35', NULL, 2, NULL),
(182, 31, 'Galant', '2022-02-22 15:27:54', NULL, 2, NULL),
(183, 31, 'Outlander', '2022-02-22 15:28:14', NULL, 2, NULL),
(184, 31, 'Montero Limited', '2022-02-22 15:28:33', NULL, 2, NULL),
(185, 31, 'Montero', '2022-02-22 15:28:53', NULL, 2, NULL),
(186, 31, 'Eclipse', '2022-02-22 15:29:11', NULL, 2, NULL),
(187, 31, 'Asx', '2022-02-22 15:29:36', NULL, 2, NULL),
(188, 31, 'Ask', '2022-02-22 15:29:53', NULL, 2, NULL),
(189, 31, 'Lancer GTS', '2022-02-22 15:30:10', NULL, 2, NULL),
(190, 31, 'Mirage', '2022-02-22 15:30:29', NULL, 2, NULL),
(191, 31, 'Endeavor', '2022-02-22 15:30:51', NULL, 2, NULL),
(192, 21, 'Axiom', '2022-02-22 15:31:23', NULL, 2, NULL),
(193, 21, 'Rodeo', '2022-02-22 15:31:43', NULL, 2, NULL),
(194, 21, 'Trooper', '2022-02-22 15:32:03', NULL, 2, NULL),
(195, 6, 'Cts', '2022-02-22 15:33:20', NULL, 2, NULL),
(196, 6, 'Escalade', '2022-02-22 15:33:36', NULL, 2, NULL),
(197, 6, 'SRX', '2022-02-22 15:33:52', NULL, 2, NULL),
(198, 6, 'Deville', '2022-02-22 15:34:08', NULL, 2, NULL),
(199, 13, 'Saturno', '2022-02-22 15:34:28', NULL, 2, NULL),
(200, 34, 'Grand Prix', '2022-02-22 15:34:50', NULL, 2, NULL),
(201, 34, 'G3', '2022-02-22 15:35:08', NULL, 2, NULL),
(202, 34, 'Azteca', '2022-02-22 15:35:28', NULL, 2, NULL),
(203, 34, 'G6', '2022-02-22 15:36:01', NULL, 2, NULL),
(204, 34, 'Trans Sport', '2022-02-22 15:36:24', NULL, 2, NULL),
(205, 34, 'Sunfire', '2022-02-22 15:36:42', NULL, 2, NULL),
(206, 34, 'Montana', '2022-02-22 15:37:03', NULL, 2, NULL),
(207, 34, 'Grand Am', '2022-02-22 15:37:26', NULL, 2, NULL),
(208, 34, 'Solstice', '2022-02-22 15:38:23', NULL, 2, NULL),
(209, 26, 'Ls', '2022-02-22 15:38:47', NULL, 2, NULL),
(210, 26, 'Zephyr', '2022-02-22 15:39:12', NULL, 2, NULL),
(211, 26, 'Mark', '2022-02-22 15:39:32', NULL, 2, NULL),
(212, 26, 'Mark LT', '2022-02-22 15:39:46', NULL, 2, NULL),
(213, 26, 'Navigator', '2022-02-22 15:40:08', NULL, 2, NULL),
(215, 26, 'MKS', '2022-02-22 15:40:45', NULL, 2, NULL),
(216, 26, 'Aviator', '2022-02-22 15:41:09', NULL, 2, NULL),
(217, 26, 'MKX', '2022-02-22 15:41:38', '2022-02-25 11:15:21', 2, 2),
(218, 26, 'MKZ', '2022-02-22 15:41:56', NULL, 2, NULL),
(219, 40, 'Vitara', '2022-02-22 15:42:21', NULL, 2, NULL),
(220, 40, 'Ciaz', '2022-02-22 15:42:43', NULL, 2, NULL),
(221, 40, 'SX4', '2022-02-22 15:43:04', NULL, 2, NULL),
(222, 40, 'Swift', '2022-02-22 15:43:24', NULL, 2, NULL),
(223, 40, 'S Cross SX4', '2022-02-22 15:43:45', NULL, 2, NULL),
(224, 40, 'Kisashi', '2022-02-22 15:44:08', NULL, 2, NULL),
(225, 40, 'Forenza', '2022-02-22 15:44:30', NULL, 2, NULL),
(226, 40, 'X Cross', '2022-02-22 15:44:50', NULL, 2, NULL),
(227, 40, 'Grand Vitara', '2022-02-22 15:45:08', NULL, 2, NULL),
(228, 18, 'Tucson', '2022-02-22 15:45:26', NULL, 2, NULL),
(229, 18, 'Haccent', '2022-02-22 15:45:44', NULL, 2, NULL),
(230, 18, 'Elantra', '2022-02-22 15:46:01', NULL, 2, NULL),
(231, 18, 'Santa Fé', '2022-02-22 15:46:22', NULL, 2, NULL),
(232, 18, 'I10', '2022-02-22 15:46:41', NULL, 2, NULL),
(233, 17, 'H3', '2022-02-22 15:47:02', NULL, 2, NULL),
(235, 28, 'MI350', '2022-02-22 15:47:41', NULL, 2, NULL),
(236, 28, 'C320', '2022-02-22 15:48:01', NULL, 2, NULL),
(237, 28, '320', '2022-02-22 15:48:23', NULL, 2, NULL),
(238, 28, '320 XL', '2022-02-22 15:48:39', NULL, 2, NULL),
(239, 28, 'Sprinter', '2022-02-22 15:48:57', NULL, 2, NULL),
(240, 28, 'ML 320', '2022-02-22 15:49:12', '2022-02-25 09:44:39', 2, 2),
(241, 28, 'CLA250', '2022-02-22 15:49:30', NULL, 2, NULL),
(242, 28, 'C200', '2022-02-22 15:50:49', NULL, 2, NULL),
(243, 28, 'CLA200', '2022-02-22 15:51:09', NULL, 2, NULL),
(244, 28, 'Smart', '2022-02-22 15:51:28', NULL, 2, NULL),
(245, 28, 'C 230 Compresor', '2022-02-22 15:52:02', NULL, 2, NULL),
(246, 28, 'AMG', '2022-02-22 15:52:21', NULL, 2, NULL),
(247, 28, 'E550', '2022-02-22 15:52:40', NULL, 2, NULL),
(248, 28, 'C300', '2022-02-22 15:52:56', NULL, 2, NULL),
(249, 28, 'ML500', '2022-02-22 15:53:18', NULL, 2, NULL),
(250, 28, 'C2230 Compresor', '2022-02-22 15:53:36', NULL, 2, NULL),
(251, 28, 'GLK280', '2022-02-22 15:53:52', NULL, 2, NULL),
(252, 28, 'GI 500', '2022-02-22 15:54:12', NULL, 2, NULL),
(253, 28, 'GL 500', '2022-02-22 15:54:39', NULL, 2, NULL),
(254, 28, 'C240', '2022-02-22 15:54:58', NULL, 2, NULL),
(255, 28, 'C180', '2022-02-22 15:55:16', NULL, 2, NULL),
(256, 28, 'C280', '2022-02-22 15:55:39', NULL, 2, NULL),
(257, 28, 'B200', '2022-02-22 15:55:57', NULL, 2, NULL),
(258, 37, 'Fluence', '2022-02-22 15:56:57', NULL, 2, NULL),
(259, 37, 'Koleos', '2022-02-22 15:57:17', NULL, 2, NULL),
(260, 37, 'Logan', '2022-02-22 15:57:40', NULL, 2, NULL),
(261, 37, 'Megane', '2022-02-22 15:58:00', NULL, 2, NULL),
(262, 37, 'Duster', '2022-02-22 15:58:21', NULL, 2, NULL),
(263, 37, 'Scenic', '2022-02-22 15:58:42', NULL, 2, NULL),
(264, 37, 'Clio', '2022-02-22 15:59:01', NULL, 2, NULL),
(265, 37, 'Megane 2', '2022-02-22 15:59:18', NULL, 2, NULL),
(266, 37, 'Laguna', '2022-02-22 15:59:39', NULL, 2, NULL),
(267, 14, 'Envoy', '2022-02-22 16:03:15', NULL, 2, NULL),
(268, 14, 'Jimmy', '2022-02-22 16:03:32', NULL, 2, NULL),
(269, 14, 'Acadia', '2022-02-22 16:03:52', NULL, 2, NULL),
(270, 14, 'Sierra', '2022-02-22 16:04:48', NULL, 2, NULL),
(271, 14, 'Canyon', '2022-02-22 16:05:12', NULL, 2, NULL),
(272, 14, 'Buick Regal', '2022-02-22 16:05:28', NULL, 2, NULL),
(273, 14, 'Sonoma', '2022-02-22 16:05:44', NULL, 2, NULL),
(274, 14, '350', '2022-02-22 16:06:00', NULL, 2, NULL),
(275, 14, 'Terraint', '2022-02-22 16:06:19', NULL, 2, NULL),
(276, 14, 'Yukon Denali', '2022-02-22 16:06:35', NULL, 2, NULL),
(277, 14, 'Yukon', '2022-02-22 16:06:52', NULL, 2, NULL),
(278, 43, 'Gol I-Motion', '2022-02-22 16:07:19', NULL, 2, NULL),
(279, 43, 'Bora Sport 2.5', '2022-02-22 16:07:41', NULL, 2, NULL),
(280, 43, 'Tiguan', '2022-02-22 16:08:02', NULL, 2, NULL),
(281, 43, 'Bora Sport', '2022-02-22 16:08:26', NULL, 2, NULL),
(282, 43, 'Touareg', '2022-02-22 16:08:53', NULL, 2, NULL),
(283, 43, 'Bora DSG', '2022-02-22 16:09:34', NULL, 2, NULL),
(284, 43, 'Cabrio', '2022-02-22 16:09:50', NULL, 2, NULL),
(285, 43, 'Sharan', '2022-02-22 16:10:10', NULL, 2, NULL),
(286, 43, 'Vento', '2022-02-22 16:10:25', NULL, 2, NULL),
(287, 43, 'Atlantic', '2022-02-22 16:10:45', NULL, 2, NULL),
(288, 43, 'Derby', '2022-02-22 16:11:00', NULL, 2, NULL),
(289, 43, 'Amarok', '2022-02-22 16:11:18', NULL, 2, NULL),
(290, 43, 'Caraben', '2022-02-22 16:11:36', NULL, 2, NULL),
(291, 43, 'Passat', '2022-02-22 16:11:53', NULL, 2, NULL),
(292, 43, 'Jetta A3', '2022-02-22 16:12:17', NULL, 2, NULL),
(293, 43, 'Jetta Gli', '2022-02-22 16:12:32', NULL, 2, NULL),
(294, 43, 'Gol', '2022-02-22 16:12:54', NULL, 2, NULL),
(295, 43, 'Jetta A4', '2022-02-22 16:13:13', NULL, 2, NULL),
(296, 43, 'Routan', '2022-02-22 16:15:00', NULL, 2, NULL),
(297, 43, 'Jetta Sport', '2022-02-22 16:15:17', NULL, 2, NULL),
(298, 43, 'Golf', '2022-02-22 16:15:33', NULL, 2, NULL),
(299, 43, 'Beetle', '2022-02-22 16:16:10', NULL, 2, NULL),
(300, 43, 'Jetta', '2022-02-22 16:16:34', NULL, 2, NULL),
(301, 42, 'S60', '2022-02-22 16:16:59', NULL, 2, NULL),
(302, 42, 'XC 90', '2022-02-22 16:17:13', NULL, 2, NULL),
(303, 42, 'Serie 60', '2022-02-22 16:17:28', NULL, 2, NULL),
(304, 42, 'S-40', '2022-02-22 16:17:48', NULL, 2, NULL),
(305, 42, 'CX90', '2022-02-22 16:18:26', NULL, 2, NULL),
(306, 42, 'V60', '2022-02-22 16:18:42', NULL, 2, NULL),
(307, 42, 'C70', '2022-02-22 16:18:57', NULL, 2, NULL),
(308, 42, 'Xe60', '2022-02-22 16:19:11', NULL, 2, NULL),
(309, 42, 'Xe90', '2022-02-22 16:19:26', NULL, 2, NULL),
(310, 42, 'Xc90', '2022-02-22 16:19:46', NULL, 2, NULL),
(311, 42, 'S40', '2022-02-22 16:20:01', NULL, 2, NULL),
(312, 42, 'XC60', '2022-02-22 16:20:15', NULL, 2, NULL),
(313, 29, 'Mountaineer', '2022-02-22 16:20:52', NULL, 2, NULL),
(314, 29, 'Marquis', '2022-02-22 16:21:15', NULL, 2, NULL),
(315, 29, 'Mystique', '2022-02-22 16:21:33', NULL, 2, NULL),
(316, 29, 'Mariner', '2022-02-22 16:21:50', NULL, 2, NULL),
(317, 29, 'Villager', '2022-02-22 16:22:10', NULL, 2, NULL),
(318, 8, 'Voyager', '2022-02-22 16:22:31', NULL, 2, NULL),
(319, 8, 'Grand Voyager', '2022-02-22 16:22:52', NULL, 2, NULL),
(320, 8, 'Spirit', '2022-02-22 16:23:06', NULL, 2, NULL),
(321, 8, 'Town Country', '2022-02-22 16:23:47', NULL, 2, NULL),
(322, 8, '200', '2022-02-22 16:24:02', NULL, 2, NULL),
(323, 8, 'Cirrus', '2022-02-22 16:32:59', NULL, 2, NULL),
(324, 8, 'RAM 2500', '2022-02-22 16:33:13', NULL, 2, NULL),
(325, 8, 'PT Crusier', '2022-02-22 16:33:33', NULL, 2, NULL),
(326, 8, 'Sebring', '2022-02-22 16:33:46', NULL, 2, NULL),
(327, 8, '300', '2022-02-22 16:34:01', NULL, 2, NULL),
(328, 8, 'Lebarron', '2022-02-22 16:34:17', NULL, 2, NULL),
(329, 8, 'New yorker', '2022-02-22 16:34:31', NULL, 2, NULL),
(330, 8, 'Aspen', '2022-02-22 16:35:08', NULL, 2, NULL),
(331, 8, 'M300', '2022-02-22 16:35:26', NULL, 2, NULL),
(332, 8, 'Shadow', '2022-02-22 16:35:43', NULL, 2, NULL),
(333, 8, 'Concorde', '2022-02-22 16:35:59', NULL, 2, NULL),
(334, 8, 'New York', '2022-02-22 16:36:13', NULL, 2, NULL),
(335, 8, 'Stratus RT', '2022-02-22 16:36:29', NULL, 2, NULL),
(336, 41, 'Tacoma', '2022-02-22 16:36:59', NULL, 2, NULL),
(337, 41, 'Cambry', '2022-02-22 16:37:18', NULL, 2, NULL),
(338, 41, 'Corolla', '2022-02-22 16:37:40', NULL, 2, NULL),
(339, 41, 'Rav', '2022-02-22 16:37:57', NULL, 2, NULL),
(340, 41, 'Avanza', '2022-02-22 16:38:15', NULL, 2, NULL),
(341, 41, 'FJ', '2022-02-22 16:38:34', NULL, 2, NULL),
(342, 41, 'Tundra', '2022-02-22 16:38:54', NULL, 2, NULL),
(343, 41, '4 Runner', '2022-02-22 16:39:10', NULL, 2, NULL),
(344, 41, 'Yaris', '2022-02-22 16:39:26', NULL, 2, NULL),
(345, 41, 'Camry', '2022-02-22 16:40:03', NULL, 2, NULL),
(346, 41, 'T-100', '2022-02-22 16:40:16', NULL, 2, NULL),
(347, 41, 'Rav 4', '2022-02-22 16:40:34', NULL, 2, NULL),
(348, 41, 'Secoya', '2022-02-22 16:40:52', NULL, 2, NULL),
(349, 41, 'Hightlander', '2022-02-22 16:41:13', NULL, 2, NULL),
(350, 41, 'Hilux', '2022-02-22 16:41:45', NULL, 2, NULL),
(351, 41, 'Cruiser', '2022-02-22 16:42:03', NULL, 2, NULL),
(352, 41, 'Sequoia', '2022-02-22 16:42:19', NULL, 2, NULL),
(353, 41, 'Sienna', '2022-02-22 16:42:40', '2022-02-25 09:40:28', 2, 2),
(355, 32, 'Kicks', '2022-02-22 16:44:31', NULL, 2, NULL),
(356, 32, 'Máxima', '2022-02-22 16:44:43', NULL, 2, NULL),
(357, 32, 'Juke', '2022-02-22 16:45:03', NULL, 2, NULL),
(358, 32, 'D21', '2022-02-22 16:45:21', NULL, 2, NULL),
(359, 32, 'Almera', '2022-02-22 16:45:39', NULL, 2, NULL),
(360, 32, 'Armada', '2022-02-22 16:45:52', NULL, 2, NULL),
(361, 32, 'Np300', '2022-02-22 16:46:05', NULL, 2, NULL),
(362, 32, 'Tsuru', '2022-02-22 16:46:18', NULL, 2, NULL),
(363, 32, 'Stanza', '2022-02-22 16:46:30', NULL, 2, NULL),
(364, 32, 'Quest', '2022-02-22 16:46:43', NULL, 2, NULL),
(365, 32, 'March', '2022-02-22 16:47:03', NULL, 2, NULL),
(366, 32, 'Sentra SR', '2022-02-22 16:47:24', NULL, 2, NULL),
(367, 32, 'Note', '2022-02-22 16:47:36', NULL, 2, NULL),
(368, 32, 'Frontier', '2022-02-22 16:47:52', NULL, 2, NULL),
(369, 32, 'Xterra', '2022-02-22 16:48:20', NULL, 2, NULL),
(370, 32, 'Versa', '2022-02-22 16:48:32', NULL, 2, NULL),
(371, 32, 'Platina', '2022-02-22 16:48:57', NULL, 2, NULL),
(372, 32, 'Tida', '2022-02-22 16:49:10', NULL, 2, NULL),
(373, 32, 'Titan', '2022-02-22 16:49:23', NULL, 2, NULL),
(374, 32, 'Murano', '2022-02-22 16:49:39', NULL, 2, NULL),
(375, 32, 'Aprio', '2022-02-22 16:49:55', NULL, 2, NULL),
(376, 32, 'Rogue', '2022-02-22 16:50:32', NULL, 2, NULL),
(377, 32, 'Xtrail', '2022-02-22 16:50:49', NULL, 2, NULL),
(378, 32, 'Altima', '2022-02-22 16:51:05', NULL, 2, NULL),
(379, 32, 'Sentra', '2022-02-22 16:51:26', NULL, 2, NULL),
(380, 32, 'Optra', '2022-02-22 16:51:47', NULL, 2, NULL),
(381, 16, 'BRV', '2022-02-22 16:52:29', NULL, 2, NULL),
(384, 16, 'HRV', '2022-02-23 09:29:21', NULL, 2, NULL),
(385, 16, 'Ridgeline', '2022-02-23 09:29:43', NULL, 2, NULL),
(386, 16, 'Passport', '2022-02-23 09:30:01', NULL, 2, NULL),
(387, 16, 'City', '2022-02-23 09:30:17', NULL, 2, NULL),
(388, 16, 'Acura', '2022-02-23 09:30:37', NULL, 2, NULL),
(390, 16, 'Fit', '2022-02-23 09:31:53', NULL, 2, NULL),
(391, 16, 'Red Line', '2022-02-23 09:32:08', NULL, 2, NULL),
(392, 16, 'Pilot', '2022-02-23 09:32:25', NULL, 2, NULL),
(393, 16, 'Odyssey', '2022-02-23 09:32:52', NULL, 2, NULL),
(394, 16, 'CRV', '2022-02-23 09:33:08', NULL, 2, NULL),
(395, 16, 'Element', '2022-02-23 09:33:36', NULL, 2, NULL),
(396, 16, 'Accord', '2022-02-23 09:34:01', NULL, 2, NULL),
(397, 16, 'Civic', '2022-02-23 09:34:23', NULL, 2, NULL),
(398, 27, 'Tribute', '2022-02-23 09:35:28', NULL, 2, NULL),
(399, 27, 'Mazda ', '2022-02-23 09:35:44', NULL, 2, NULL),
(400, 27, 'Mazda 6', '2022-02-23 09:35:56', NULL, 2, NULL),
(401, 27, '3', '2022-02-23 09:36:14', NULL, 2, NULL),
(402, 27, 'CX7', '2022-02-23 09:36:36', NULL, 2, NULL),
(403, 27, 'CX9', '2022-02-23 09:36:55', NULL, 2, NULL),
(404, 27, '5', '2022-02-23 09:37:29', NULL, 2, NULL),
(405, 27, '6', '2022-02-23 09:37:41', NULL, 2, NULL),
(406, 27, 'X9', '2022-02-23 09:37:52', NULL, 2, NULL),
(407, 27, 'Mx5miata', '2022-02-23 09:38:44', NULL, 2, NULL),
(408, 27, 'B2500', '2022-02-23 09:39:01', NULL, 2, NULL),
(409, 27, 'C5', '2022-02-23 09:39:21', NULL, 2, NULL),
(410, 27, 'CX5', '2022-02-23 09:39:42', NULL, 2, NULL),
(411, 27, '2300', '2022-02-23 10:01:45', NULL, 2, NULL),
(412, 27, '7', '2022-02-23 10:02:04', NULL, 2, NULL),
(413, 10, 'Dart', '2022-02-23 10:02:20', NULL, 2, NULL),
(414, 10, 'Avenger', '2022-02-23 10:02:37', NULL, 2, NULL),
(415, 10, 'Charger', '2022-02-23 10:02:52', NULL, 2, NULL),
(416, 10, 'Raider', '2022-02-23 10:03:08', NULL, 2, NULL),
(418, 10, 'Ram Promaster', '2022-02-23 10:14:58', NULL, 2, NULL),
(419, 10, 'Nitro', '2022-02-23 10:15:12', NULL, 2, NULL),
(420, 10, 'Ram 1500', '2022-02-23 10:15:25', NULL, 2, NULL),
(421, 10, 'Verna', '2022-02-23 10:15:39', NULL, 2, NULL),
(422, 10, 'Caliber', '2022-02-23 10:15:52', NULL, 2, NULL),
(423, 10, 'Durango', '2022-02-23 10:17:19', NULL, 2, NULL),
(424, 10, 'Stratus', '2022-02-23 10:17:34', NULL, 2, NULL),
(425, 10, 'Ram Charger', '2022-02-23 10:17:51', NULL, 2, NULL),
(426, 10, 'Grand Caravan', '2022-02-23 10:18:16', NULL, 2, NULL),
(427, 10, 'Atitude', '2022-02-23 10:18:29', NULL, 2, NULL),
(428, 10, 'Caravan', '2022-02-23 10:18:43', NULL, 2, NULL),
(429, 10, 'Dakota', '2022-02-23 10:18:57', NULL, 2, NULL),
(430, 10, 'Neon', '2022-02-23 10:19:12', NULL, 2, NULL),
(431, 10, 'Journey', '2022-02-23 10:22:33', NULL, 2, NULL),
(432, 10, 'RAM', '2022-02-23 10:22:49', NULL, 2, NULL),
(433, 10, 'Pick Up', '2022-02-23 10:23:04', NULL, 2, NULL),
(434, 20, 'CF600', '2022-02-23 10:23:23', NULL, 2, NULL),
(435, 20, 'Torque Shift', '2022-02-23 10:23:53', NULL, 2, NULL),
(436, 20, 'Allison 4700', '2022-02-23 10:24:18', NULL, 2, NULL),
(437, 20, 'Allison ', '2022-02-23 10:24:34', NULL, 2, NULL),
(438, 12, 'E450', '2022-02-23 10:24:55', NULL, 2, NULL),
(439, 12, 'Focus ZX4', '2022-02-23 10:25:10', NULL, 2, NULL),
(440, 12, 'Transit', '2022-02-23 10:25:23', NULL, 2, NULL),
(441, 12, 'Guayin', '2022-02-23 10:25:39', NULL, 2, NULL),
(442, 12, 'Escort Guayin', '2022-02-23 10:25:54', NULL, 2, NULL),
(443, 12, 'Topaz', '2022-02-23 10:26:08', NULL, 2, NULL),
(444, 12, 'Explorer Sport', '2022-02-23 10:26:30', NULL, 2, NULL),
(445, 12, 'Thunderbird', '2022-02-23 10:26:44', NULL, 2, NULL),
(446, 12, 'Minivan', '2022-02-23 10:27:26', NULL, 2, NULL),
(447, 12, 'Mustang Coupe', '2022-02-23 10:27:40', NULL, 2, NULL),
(448, 12, 'Mustang Gt', '2022-02-23 10:27:56', NULL, 2, NULL),
(449, 12, 'Van Econoline', '2022-02-23 10:28:09', NULL, 2, NULL),
(450, 12, 'Focus XL', '2022-02-23 10:28:22', NULL, 2, NULL),
(451, 12, 'Lobo Harley', '2022-02-23 10:28:35', NULL, 2, NULL),
(452, 12, 'Econoline 250', '2022-02-23 10:28:51', NULL, 2, NULL),
(453, 12, 'Super Duty', '2022-02-23 10:36:18', NULL, 2, NULL),
(454, 12, 'Topaz Guia', '2022-02-23 10:36:34', NULL, 2, NULL),
(455, 12, 'Clud Wagon', '2022-02-23 10:36:48', NULL, 2, NULL),
(456, 12, 'Figo', '2022-02-23 10:37:03', NULL, 2, NULL),
(457, 12, 'Five Hundred', '2022-02-23 10:37:15', NULL, 2, NULL),
(458, 12, 'Bronco', '2022-02-23 10:37:32', NULL, 2, NULL),
(459, 12, 'F 550', '2022-02-23 10:37:45', NULL, 2, NULL),
(460, 12, 'Ecosport', '2022-02-23 10:37:59', NULL, 2, NULL),
(461, 12, 'Aerostar', '2022-02-23 10:38:13', NULL, 2, NULL),
(462, 26, 'Town Car', '2022-02-25 11:09:42', NULL, 2, NULL),
(463, 32, 'Pick Up', '2022-03-10 16:50:42', NULL, 2, NULL);

CREATE TABLE `modulos` (
  `id_modulo` int(11) NOT NULL,
  `modulo` varchar(50) COLLATE utf8mb4_spanish_ci NOT NULL,
  `boton` varchar(50) COLLATE utf8mb4_spanish_ci NOT NULL,
  `permiso` varchar(50) COLLATE utf8mb4_spanish_ci NOT NULL,
  `fecha_creacion` datetime DEFAULT NULL,
  `fecha_mod` datetime DEFAULT NULL,
  `id_captC` int(11) NOT NULL,
  `id_captM` int(11) NOT NULL
) ENGINE=InnoDB DEFAULT CHARSET=utf8mb4 COLLATE=utf8mb4_spanish_ci;

CREATE TABLE `nproyectos` (
  `id_nProyecto` int(15) NOT NULL,
  `id_proyecto` int(11) NOT NULL,
  `fecha_creacion` datetime DEFAULT NULL,
  `fecha_mod` datetime DEFAULT NULL,
  `id_capC` int(11) DEFAULT NULL,
  `id_capM` int(11) DEFAULT NULL
) ENGINE=InnoDB DEFAULT CHARSET=utf8mb4 COLLATE=utf8mb4_spanish_ci;

INSERT INTO `nproyectos` (`id_nProyecto`, `id_proyecto`, `fecha_creacion`, `fecha_mod`, `id_capC`, `id_capM`) VALUES
(11341, 0, '2022-02-28 00:26:55', '2022-02-28 00:26:55', 1, NULL),
(11342, 0, '2022-03-01 15:28:22', NULL, 3, NULL),
(11343, 0, '2022-03-01 15:31:42', NULL, 3, NULL),
(11344, 1, '2022-03-01 15:40:31', NULL, 3, NULL),
(11345, 2, '2022-03-01 17:54:45', NULL, 3, NULL),
(11346, 3, '2022-03-02 09:03:50', NULL, 3, NULL),
(11347, 4, '2022-03-02 09:11:54', NULL, 3, NULL),
(11348, 5, '2022-03-02 09:19:28', NULL, 3, NULL),
(11349, 6, '2022-03-02 09:35:21', NULL, 3, NULL),
(11350, 7, '2022-03-02 10:20:27', NULL, 3, NULL),
(11351, 8, '2022-03-02 11:22:50', NULL, 3, NULL),
(11352, 9, '2022-03-02 11:47:48', NULL, 3, NULL),
(11353, 10, '2022-03-02 12:54:35', NULL, 3, NULL),
(11354, 11, '2022-03-02 15:18:23', NULL, 3, NULL),
(11355, 12, '2022-03-02 16:29:15', NULL, 3, NULL),
(11356, 13, '2022-03-03 10:39:15', NULL, 3, NULL),
(11357, 14, '2022-03-03 10:47:53', NULL, 3, NULL),
(11358, 15, '2022-03-03 11:07:44', NULL, 3, NULL),
(11359, 16, '2022-03-03 11:18:17', NULL, 3, NULL),
(11360, 17, '2022-03-03 13:05:29', NULL, 3, NULL),
(11361, 18, '2022-03-03 14:17:23', NULL, 3, NULL),
(11362, 19, '2022-03-03 17:39:49', NULL, 3, NULL),
(11363, 20, '2022-03-04 10:44:38', NULL, 3, NULL),
(11364, 21, '2022-03-04 11:26:54', NULL, 3, NULL),
(11365, 22, '2022-03-04 13:20:20', NULL, 3, NULL),
(11366, 23, '2022-03-04 13:24:02', NULL, 3, NULL),
(11367, 24, '2022-03-04 14:52:29', NULL, 3, NULL),
(11368, 25, '2022-03-04 17:11:07', NULL, 3, NULL),
(11369, 26, '2022-03-05 09:06:00', NULL, 3, NULL),
(11370, 27, '2022-03-05 09:12:35', NULL, 3, NULL),
(11371, 28, '2022-03-05 09:16:07', NULL, 3, NULL),
(11372, 29, '2022-03-05 10:06:30', NULL, 3, NULL),
(11373, 30, '2022-03-05 11:00:26', NULL, 3, NULL),
(11374, 31, '2022-03-05 12:42:52', NULL, 3, NULL),
(11375, 32, '2022-03-05 12:49:45', NULL, 3, NULL),
(11376, 33, '2022-03-05 13:04:58', NULL, 3, NULL),
(11377, 34, '2022-03-07 09:13:41', NULL, 3, NULL),
(11378, 35, '2022-03-07 09:29:05', NULL, 3, NULL),
(11379, 36, '2022-03-07 09:36:09', NULL, 3, NULL),
(11380, 37, '2022-03-07 09:40:32', NULL, 3, NULL),
(11381, 38, '2022-03-07 09:46:40', NULL, 3, NULL),
(11382, 39, '2022-03-07 10:06:13', NULL, 3, NULL),
(11383, 40, '2022-03-07 10:27:28', NULL, 3, NULL),
(11384, 41, '2022-03-07 10:45:01', NULL, 3, NULL),
(11385, 42, '2022-03-07 12:14:24', NULL, 3, NULL),
(11386, 43, '2022-03-07 12:47:21', NULL, 3, NULL),
(11387, 44, '2022-03-07 13:13:49', NULL, 3, NULL),
(11388, 45, '2022-03-07 13:28:20', NULL, 3, NULL),
(11389, 46, '2022-03-07 14:51:01', NULL, 3, NULL),
(11390, 47, '2022-03-07 16:23:15', NULL, 3, NULL),
(11391, 48, '2022-03-07 16:47:32', NULL, 3, NULL),
(11392, 49, '2022-03-08 09:51:56', NULL, 3, NULL),
(11393, 50, '2022-03-08 10:08:54', NULL, 3, NULL),
(11394, 51, '2022-03-08 10:39:42', NULL, 3, NULL),
(11395, 52, '2022-03-08 13:09:41', NULL, 3, NULL),
(11396, 53, '2022-03-08 15:11:21', NULL, 3, NULL),
(11397, 54, '2022-03-08 15:37:41', NULL, 3, NULL),
(11398, 55, '2022-03-08 16:01:13', NULL, 4, NULL),
(11399, 56, '2022-03-08 16:05:44', NULL, 4, NULL),
(11400, 57, '2022-03-08 16:13:04', NULL, 4, NULL),
(11401, 58, '2022-03-08 16:19:01', NULL, 4, NULL),
(11402, 59, '2022-03-08 16:23:41', NULL, 4, NULL),
(11403, 60, '2022-03-08 16:28:58', NULL, 4, NULL),
(11404, 61, '2022-03-08 16:33:05', NULL, 4, NULL),
(11405, 62, '2022-03-08 16:47:03', NULL, 4, NULL),
(11406, 63, '2022-03-08 16:51:25', NULL, 4, NULL),
(11407, 64, '2022-03-08 16:58:02', NULL, 4, NULL),
(11408, 65, '2022-03-08 17:04:26', NULL, 4, NULL),
(11409, 66, '2022-03-09 09:25:39', NULL, 4, NULL),
(11410, 67, '2022-03-09 09:26:02', NULL, 3, NULL),
(11411, 68, '2022-03-09 09:30:26', NULL, 4, NULL),
(11412, 69, '2022-03-09 09:35:52', NULL, 4, NULL),
(11413, 70, '2022-03-09 09:37:27', NULL, 3, NULL),
(11414, 71, '2022-03-09 09:41:43', NULL, 4, NULL),
(11415, 72, '2022-03-09 09:47:52', NULL, 4, NULL),
(11416, 73, '2022-03-09 09:58:02', NULL, 3, NULL),
(11417, 74, '2022-03-09 09:59:21', NULL, 4, NULL),
(11418, 75, '2022-03-09 10:03:46', NULL, 4, NULL),
(11419, 76, '2022-03-09 10:06:59', NULL, 3, NULL),
(11420, 77, '2022-03-09 10:08:23', NULL, 4, NULL),
(11421, 78, '2022-03-09 10:25:07', NULL, 4, NULL),
(11422, 79, '2022-03-09 10:29:46', NULL, 4, NULL),
(11423, 80, '2022-03-09 10:33:42', NULL, 4, NULL),
(11424, 81, '2022-03-09 10:38:37', NULL, 4, NULL),
(11425, 82, '2022-03-09 10:42:31', NULL, 4, NULL),
(11426, 83, '2022-03-09 11:12:47', NULL, 4, NULL),
(11427, 84, '2022-03-09 11:17:07', NULL, 4, NULL),
(11428, 85, '2022-03-09 11:50:54', NULL, 3, NULL),
(11429, 86, '2022-03-09 11:51:14', NULL, 4, NULL),
(11430, 87, '2022-03-09 11:55:02', NULL, 4, NULL),
(11431, 88, '2022-03-09 11:58:39', NULL, 3, NULL),
(11432, 89, '2022-03-09 11:59:15', NULL, 4, NULL),
(11433, 90, '2022-03-09 12:03:11', NULL, 4, NULL),
(11434, 91, '2022-03-09 12:07:15', NULL, 4, NULL),
(11435, 92, '2022-03-09 12:14:51', NULL, 4, NULL),
(11436, 93, '2022-03-09 12:23:27', NULL, 4, NULL),
(11437, 94, '2022-03-09 12:42:41', NULL, 4, NULL),
(11438, 95, '2022-03-09 12:45:37', NULL, 4, NULL),
(11439, 96, '2022-03-09 12:50:53', NULL, 4, NULL),
(11440, 97, '2022-03-09 12:55:20', NULL, 3, NULL),
(11441, 98, '2022-03-09 12:56:14', NULL, 4, NULL),
(11442, 99, '2022-03-09 14:25:25', NULL, 4, NULL),
(11443, 100, '2022-03-09 14:29:57', NULL, 4, NULL),
(11444, 101, '2022-03-09 14:33:48', NULL, 4, NULL),
(11445, 102, '2022-03-09 14:38:17', NULL, 4, NULL),
(11446, 103, '2022-03-09 14:40:41', NULL, 4, NULL),
(11447, 104, '2022-03-09 14:49:12', NULL, 4, NULL),
(11448, 105, '2022-03-09 14:58:55', NULL, 4, NULL),
(11449, 106, '2022-03-09 15:01:25', NULL, 4, NULL),
(11450, 107, '2022-03-09 15:12:06', NULL, 4, NULL),
(11451, 108, '2022-03-09 15:17:09', NULL, 4, NULL),
(11452, 109, '2022-03-09 15:23:30', NULL, 4, NULL),
(11453, 110, '2022-03-09 15:27:16', NULL, 4, NULL),
(11454, 111, '2022-03-09 15:30:44', NULL, 4, NULL),
(11455, 112, '2022-03-09 15:34:23', NULL, 4, NULL),
(11456, 113, '2022-03-09 15:38:17', NULL, 4, NULL),
(11457, 114, '2022-03-09 15:42:54', NULL, 4, NULL),
(11458, 115, '2022-03-09 15:54:55', NULL, 3, NULL),
(11459, 116, '2022-03-09 17:16:20', NULL, 3, NULL),
(11460, 117, '2022-03-10 09:29:43', NULL, 3, NULL),
(11461, 118, '2022-03-10 09:48:18', NULL, 4, NULL),
(11462, 119, '2022-03-10 09:56:44', NULL, 4, NULL),
(11463, 120, '2022-03-10 09:57:30', NULL, 3, NULL),
(11464, 121, '2022-03-10 10:04:12', NULL, 4, NULL),
(11465, 122, '2022-03-10 10:11:14', NULL, 4, NULL),
(11466, 123, '2022-03-10 10:18:24', NULL, 4, NULL),
(11467, 124, '2022-03-10 10:22:38', NULL, 4, NULL),
(11468, 125, '2022-03-10 12:45:21', NULL, 3, NULL),
(11469, 126, '2022-03-10 15:39:19', NULL, 3, NULL),
(11470, 127, '2022-03-10 16:05:19', NULL, 3, NULL),
(11471, 128, '2022-03-10 16:13:54', NULL, 3, NULL),
(11472, 129, '2022-03-10 16:27:09', NULL, 3, NULL),
(11473, 130, '2022-03-10 16:35:24', NULL, 3, NULL),
(11474, 131, '2022-03-10 16:42:16', NULL, 3, NULL),
(11475, 132, '2022-03-10 16:52:52', NULL, 3, NULL),
(11476, 133, '2022-03-10 17:07:25', NULL, 3, NULL),
(11477, 134, '2022-03-10 17:21:06', NULL, 3, NULL),
(11478, 135, '2022-03-11 10:40:16', NULL, 3, NULL),
(11479, 136, '2022-03-11 10:45:55', NULL, 4, NULL),
(11480, 137, '2022-03-11 10:50:34', NULL, 4, NULL),
(11481, 138, '2022-03-11 10:55:00', NULL, 4, NULL),
(11482, 139, '2022-03-11 10:58:47', NULL, 4, NULL),
(11483, 140, '2022-03-11 11:07:03', NULL, 4, NULL),
(11484, 141, '2022-03-11 11:11:34', NULL, 4, NULL),
(11485, 142, '2022-03-11 11:14:57', NULL, 4, NULL),
(11486, 143, '2022-03-11 11:18:32', NULL, 4, NULL),
(11487, 144, '2022-03-11 11:22:25', NULL, 4, NULL),
(11488, 145, '2022-03-11 11:39:18', NULL, 4, NULL),
(11489, 146, '2022-03-11 11:44:00', NULL, 3, NULL),
(11490, 147, '2022-03-11 11:45:02', NULL, 4, NULL),
(11491, 148, '2022-03-11 11:51:17', NULL, 4, NULL),
(11492, 149, '2022-03-11 11:53:13', NULL, 3, NULL),
(11493, 150, '2022-03-11 11:56:05', NULL, 4, NULL),
(11494, 151, '2022-03-11 12:02:50', NULL, 3, NULL),
(11495, 152, '2022-03-11 12:05:00', NULL, 4, NULL),
(11496, 153, '2022-03-11 12:09:14', NULL, 4, NULL),
(11497, 154, '2022-03-11 12:16:08', NULL, 4, NULL),
(11498, 155, '2022-03-11 12:40:56', NULL, 3, NULL),
(11499, 156, '2022-03-11 12:45:29', NULL, 3, NULL),
(11500, 157, '2022-03-11 13:28:21', NULL, 3, NULL),
(11501, 158, '2022-03-11 13:41:49', NULL, 3, NULL),
(11502, 159, '2022-03-11 13:48:28', NULL, 3, NULL),
(11503, 160, '2022-03-11 14:14:08', NULL, 4, NULL),
(11504, 161, '2022-03-11 14:20:45', NULL, 4, NULL),
(11505, 162, '2022-03-11 16:05:13', NULL, 4, NULL),
(11506, 163, '2022-03-11 16:11:46', NULL, 4, NULL),
(11507, 164, '2022-03-11 16:15:22', NULL, 4, NULL),
(11508, 165, '2022-03-11 16:23:54', NULL, 4, NULL),
(11509, 166, '2022-03-11 16:29:04', NULL, 4, NULL),
(11510, 167, '2022-03-11 16:33:33', NULL, 4, NULL),
(11511, 168, '2022-03-11 16:37:35', NULL, 4, NULL),
(11512, 169, '2022-03-11 16:41:32', NULL, 4, NULL),
(11513, 170, '2022-03-11 16:45:28', NULL, 4, NULL),
(11514, 171, '2022-03-11 16:46:45', NULL, 3, NULL),
(11515, 172, '2022-03-11 17:07:47', NULL, 4, NULL),
(11516, 173, '2022-03-11 17:11:32', NULL, 4, NULL),
(11517, 174, '2022-03-11 17:15:44', NULL, 4, NULL),
(11518, 175, '2022-03-11 17:19:07', NULL, 4, NULL);

CREATE TABLE `permisos` (
  `id_permiso` int(11) NOT NULL,
  `verTablaUsuario` char(1) CHARACTER SET utf8 NOT NULL DEFAULT '0',
  `editarUsu` char(1) CHARACTER SET utf8 NOT NULL DEFAULT '0',
  `asignarCon` char(1) CHARACTER SET utf8 NOT NULL DEFAULT '0',
  `eliminarUsu` char(1) CHARACTER SET utf8 NOT NULL DEFAULT '0',
  `asignarPer` char(1) CHARACTER SET utf8 NOT NULL DEFAULT '0',
  `nuevoUsu` char(1) CHARACTER SET utf8 NOT NULL DEFAULT '0',
  `verTablaMarca` char(1) CHARACTER SET utf8 NOT NULL DEFAULT '0',
  `regMarca` char(1) COLLATE utf8mb4_spanish_ci DEFAULT '0',
  `modMarca` char(1) CHARACTER SET utf8 NOT NULL DEFAULT '0',
  `eliminaMar` char(1) CHARACTER SET utf8 NOT NULL DEFAULT '0',
  `verTablaModelo` char(1) CHARACTER SET utf8 DEFAULT '0',
  `regModelo` char(1) CHARACTER SET utf8 DEFAULT '0',
  `modModelo` char(1) CHARACTER SET utf8 DEFAULT '0',
  `eliminarMod` char(1) CHARACTER SET utf8 DEFAULT '0',
  `verTablaAnio` char(1) CHARACTER SET utf8 DEFAULT '0',
  `regAnios` char(1) CHARACTER SET utf8 DEFAULT '0',
  `modAnios` char(1) CHARACTER SET utf8 DEFAULT '0',
  `eliminarAnio` char(1) CHARACTER SET utf8 NOT NULL DEFAULT '0',
  `regColor` char(1) CHARACTER SET utf8 NOT NULL DEFAULT '0',
  `modColor` char(1) CHARACTER SET utf8 DEFAULT '0',
  `eliminarCol` char(1) CHARACTER SET utf8 NOT NULL DEFAULT '0',
  `verTablaColor` char(1) CHARACTER SET utf8 COLLATE utf8_unicode_ci NOT NULL DEFAULT '0',
  `verTablaSemana` char(1) COLLATE utf8mb4_spanish_ci NOT NULL DEFAULT '0',
  `regSemana` char(1) COLLATE utf8mb4_spanish_ci NOT NULL DEFAULT '0',
  `eliSemana` char(1) COLLATE utf8mb4_spanish_ci NOT NULL DEFAULT '0',
  `regSemanaCobro` char(1) COLLATE utf8mb4_spanish_ci NOT NULL DEFAULT '0',
  `eliSemanaCobro` char(1) COLLATE utf8mb4_spanish_ci NOT NULL DEFAULT '0',
  `verTablaSemanaCobro` char(1) COLLATE utf8mb4_spanish_ci NOT NULL DEFAULT '0',
  `verTablaAgente` char(1) COLLATE utf8mb4_spanish_ci NOT NULL DEFAULT '0',
  `regAgente` char(1) COLLATE utf8mb4_spanish_ci NOT NULL DEFAULT '0',
  `eliAgente` char(1) COLLATE utf8mb4_spanish_ci NOT NULL DEFAULT '0',
  `regPermiso` char(1) CHARACTER SET utf8 NOT NULL DEFAULT '0',
  `modPermiso` char(1) CHARACTER SET utf8 NOT NULL DEFAULT '0',
  `eliPermiso` char(1) CHARACTER SET utf8 NOT NULL DEFAULT '0',
  `verTablaVeh` char(1) CHARACTER SET utf8 NOT NULL DEFAULT '0',
  `regVehiculo` char(1) CHARACTER SET utf8 NOT NULL DEFAULT '0',
  `modVehiculo` char(1) CHARACTER SET utf8 NOT NULL DEFAULT '0',
  `eliVehiculo` char(1) CHARACTER SET utf8 NOT NULL DEFAULT '0',
  `verTablaCli` char(1) CHARACTER SET utf8 NOT NULL DEFAULT '0',
  `regCliente` char(1) CHARACTER SET utf8 NOT NULL DEFAULT '0',
  `modCliente` char(1) CHARACTER SET utf8 NOT NULL DEFAULT '0',
  `eliCliente` char(1) CHARACTER SET utf8 NOT NULL DEFAULT '0',
  `regProyecto` char(1) CHARACTER SET utf8 DEFAULT '0',
  `listProyecto` char(1) CHARACTER SET utf8 NOT NULL DEFAULT '0',
  `modProyecto` char(1) CHARACTER SET utf8 NOT NULL DEFAULT '0',
  `eliProyecto` char(1) CHARACTER SET utf8 NOT NULL DEFAULT '0',
  `pdfProyecto` char(1) CHARACTER SET utf8 NOT NULL DEFAULT '0',
  `verTablaProyAct` char(1) COLLATE utf8mb4_spanish_ci NOT NULL DEFAULT '0',
  `verTablaRegSolAltProy` char(1) COLLATE utf8mb4_spanish_ci NOT NULL DEFAULT '0',
  `regSolAltProy` char(1) COLLATE utf8mb4_spanish_ci DEFAULT '0',
  `pdfRegSolAltProy` char(1) COLLATE utf8mb4_spanish_ci NOT NULL DEFAULT '0',
  `eliRegSolAltProy` char(1) COLLATE utf8mb4_spanish_ci NOT NULL DEFAULT '0',
  `verObsRegSolAltProy` char(1) COLLATE utf8mb4_spanish_ci NOT NULL DEFAULT '0',
  `regAlta` char(1) COLLATE utf8mb4_spanish_ci NOT NULL DEFAULT '0',
  `eliAlta` char(1) COLLATE utf8mb4_spanish_ci NOT NULL DEFAULT '0',
  `pdfAlta` char(1) COLLATE utf8mb4_spanish_ci NOT NULL DEFAULT '0',
  `verLinkObsAlta` char(1) COLLATE utf8mb4_spanish_ci NOT NULL DEFAULT '0',
  `verTablaAlta` char(1) COLLATE utf8mb4_spanish_ci NOT NULL DEFAULT '0',
  `regCodIdentificador` char(1) COLLATE utf8mb4_spanish_ci NOT NULL DEFAULT '0',
  `eliCodIdentificador` char(1) COLLATE utf8mb4_spanish_ci NOT NULL DEFAULT '0',
  `pdfCodIdentificador` char(1) COLLATE utf8mb4_spanish_ci NOT NULL DEFAULT '0',
  `verLinkObsIdentificador` char(1) COLLATE utf8mb4_spanish_ci NOT NULL DEFAULT '0',
  `verTablaCodIdentificador` char(1) COLLATE utf8mb4_spanish_ci NOT NULL DEFAULT '0',
  `regSuperCodIdentificador` char(1) COLLATE utf8mb4_spanish_ci NOT NULL DEFAULT '0',
  `eliSuperCodIdentificador` char(1) COLLATE utf8mb4_spanish_ci NOT NULL DEFAULT '0',
  `verLinkObsSuperIdentificador` char(1) COLLATE utf8mb4_spanish_ci NOT NULL DEFAULT '0',
  `verTablaSuperCodIdentificador` char(1) COLLATE utf8mb4_spanish_ci NOT NULL DEFAULT '0',
  `id_usuario` int(11) DEFAULT NULL
) ENGINE=InnoDB DEFAULT CHARSET=utf8mb4 COLLATE=utf8mb4_spanish_ci;

INSERT INTO `permisos` (`id_permiso`, `verTablaUsuario`, `editarUsu`, `asignarCon`, `eliminarUsu`, `asignarPer`, `nuevoUsu`, `verTablaMarca`, `regMarca`, `modMarca`, `eliminaMar`, `verTablaModelo`, `regModelo`, `modModelo`, `eliminarMod`, `verTablaAnio`, `regAnios`, `modAnios`, `eliminarAnio`, `regColor`, `modColor`, `eliminarCol`, `verTablaColor`, `verTablaSemana`, `regSemana`, `eliSemana`, `regSemanaCobro`, `eliSemanaCobro`, `verTablaSemanaCobro`, `verTablaAgente`, `regAgente`, `eliAgente`, `regPermiso`, `modPermiso`, `eliPermiso`, `verTablaVeh`, `regVehiculo`, `modVehiculo`, `eliVehiculo`, `verTablaCli`, `regCliente`, `modCliente`, `eliCliente`, `regProyecto`, `listProyecto`, `modProyecto`, `eliProyecto`, `pdfProyecto`, `verTablaProyAct`, `verTablaRegSolAltProy`, `regSolAltProy`, `pdfRegSolAltProy`, `eliRegSolAltProy`, `verObsRegSolAltProy`, `regAlta`, `eliAlta`, `pdfAlta`, `verLinkObsAlta`, `verTablaAlta`, `regCodIdentificador`, `eliCodIdentificador`, `pdfCodIdentificador`, `verLinkObsIdentificador`, `verTablaCodIdentificador`, `regSuperCodIdentificador`, `eliSuperCodIdentificador`, `verLinkObsSuperIdentificador`, `verTablaSuperCodIdentificador`, `id_usuario`) VALUES
(1, '1', '1', '1', '1', '1', '1', '1', '1', '1', '1', '1', '1', '1', '1', '1', '1', '1', '1', '1', '1', '1', '1', '1', '1', '1', '1', '1', '1', '1', '1', '1', '1', '1', '1', '1', '1', '1', '1', '1', '1', '1', '1', '1', '1', '1', '1', '1', '1', '1', '1', '1', '1', '1', '1', '1', '1', '1', '1', '1', '1', '1', '1', '1', '1', '1', '1', '1', 1),
(2, '1', '1', '1', '1', '1', '1', '1', '1', '1', '1', '1', '1', '1', '1', '1', '1', '1', '1', '1', '1', '1', '1', '1', '1', '1', '1', '1', '1', '1', '1', '1', '1', '1', '1', '1', '1', '1', '1', '1', '1', '1', '1', '1', '1', '1', '1', '1', '1', '1', '1', '1', '1', '1', '1', '1', '1', '1', '1', '1', '1', '1', '1', '1', '1', '1', '1', '1', 2),
(3, '0', '0', '0', '0', '0', '0', '0', '0', '0', '0', '1', '1', '0', '0', '1', '1', '0', '0', '1', '0', '0', '1', '0', '0', '0', '0', '0', '0', '0', '0', '0', '0', '0', '0', '1', '1', '1', '0', '1', '1', '1', '0', '1', '1', '0', '0', '1', '0', '0', '0', '0', '0', '0', '0', '0', '0', '0', '0', '1', '0', '1', '1', '1', '0', '0', '0', '0', 3),
(4, '0', '0', '0', '0', '0', '0', '0', '0', '0', '0', '0', '0', '0', '0', '0', '0', '0', '0', '0', '0', '0', '0', '0', '0', '0', '0', '0', '0', '0', '0', '0', '0', '0', '0', '1', '1', '1', '0', '1', '1', '1', '0', '1', '1', '1', '0', '1', '0', '0', '0', '0', '0', '0', '0', '0', '0', '0', '0', '0', '0', '0', '0', '0', '0', '0', '0', '0', 4),
(5, '0', '0', '0', '0', '0', '0', '0', '0', '0', '0', '0', '0', '0', '0', '0', '0', '0', '0', '0', '0', '0', '0', '0', '0', '0', '0', '0', '0', '0', '0', '0', '0', '0', '0', '0', '0', '0', '0', '0', '0', '0', '0', '0', '1', '0', '0', '1', '0', '0', '0', '0', '0', '0', '0', '0', '0', '0', '0', '0', '0', '0', '0', '0', '0', '0', '0', '0', 5),
(6, '0', '0', '0', '0', '0', '0', '0', '0', '0', '0', '0', '0', '0', '0', '0', '0', '0', '0', '0', '0', '0', '0', '0', '0', '0', '0', '0', '0', '0', '0', '0', '0', '0', '0', '0', '0', '0', '0', '0', '0', '0', '0', '0', '0', '0', '0', '0', '0', '1', '0', '0', '1', '1', '1', '1', '1', '1', '1', '0', '0', '0', '0', '0', '0', '0', '0', '0', 6),
(7, '0', '0', '0', '0', '0', '0', '0', '0', '0', '0', '0', '0', '0', '0', '0', '0', '0', '0', '0', '0', '0', '0', '0', '0', '0', '0', '0', '0', '0', '0', '0', '0', '0', '0', '0', '0', '0', '0', '1', '0', '0', '0', '0', '0', '0', '0', '0', '1', '1', '1', '1', '1', '1', '0', '0', '0', '0', '0', '0', '0', '0', '0', '0', '0', '0', '0', '0', 7);


CREATE TABLE `proyectos` (
  `id_proyecto` int(11) NOT NULL,
  `id_cliente` int(11) NOT NULL,
  `id_vehiculo` int(11) NOT NULL,
  `nOrden` int(15) NOT NULL,
  `nProyecto` int(15) NOT NULL,
  `tipoReparacion` varchar(2) CHARACTER SET utf8 COLLATE utf8_unicode_ci NOT NULL,
  `km` varchar(12) CHARACTER SET utf8 COLLATE utf8_unicode_ci NOT NULL,
  `valorVenta` varchar(12) COLLATE utf8mb4_spanish_ci NOT NULL,
  `diagnostico` varchar(200) CHARACTER SET utf8 COLLATE utf8_unicode_ci DEFAULT NULL,
  `descripServ1` varchar(200) CHARACTER SET utf8 COLLATE utf8_unicode_ci DEFAULT NULL,
  `descripServ2` varchar(200) CHARACTER SET utf8 COLLATE utf8_unicode_ci DEFAULT NULL,
  `proyectoActivo` char(1) CHARACTER SET utf8 COLLATE utf8_unicode_ci NOT NULL,
  `registroSolicitud` char(1) COLLATE utf8mb4_spanish_ci NOT NULL DEFAULT '0',
  `altaProyecto` char(1) COLLATE utf8mb4_spanish_ci NOT NULL DEFAULT '0',
  `proyCodIdentificador` char(1) COLLATE utf8mb4_spanish_ci NOT NULL DEFAULT '0',
  `superCodIdentificador` char(1) COLLATE utf8mb4_spanish_ci NOT NULL DEFAULT '0',
  `fecha_creacion` datetime DEFAULT NULL,
  `fecha_mod` datetime DEFAULT NULL,
  `id_capC` int(11) DEFAULT NULL,
  `id_capM` int(11) DEFAULT NULL
) ENGINE=InnoDB DEFAULT CHARSET=utf8mb4 COLLATE=utf8mb4_spanish_ci;


INSERT INTO `proyectos` (`id_proyecto`, `id_cliente`, `id_vehiculo`, `nOrden`, `nProyecto`, `tipoReparacion`, `km`, `valorVenta`, `diagnostico`, `descripServ1`, `descripServ2`, `proyectoActivo`, `registroSolicitud`, `altaProyecto`, `proyCodIdentificador`, `superCodIdentificador`, `fecha_creacion`, `fecha_mod`, `id_capC`, `id_capM`) VALUES
(1, 3, 4, 220919, 11344, 'N', '218,989 km', '1,600.00', '-', 'Afinación de la transmisión automática', '-', '1', '0', '0', '0', '0', '2022-03-01 15:40:31', NULL, 3, NULL),
(2, 4, 5, 220920, 11345, 'GR', '108,811 km', '0.00', '-', 'revisar transmisión automática', '-', '1', '0', '0', '0', '0', '2022-03-01 17:54:45', NULL, 3, NULL),
(3, 6, 6, 220921, 11346, 'N', '100,000 km', '15,000.00', '-', 'Diagnóstico', '-', '1', '0', '0', '0', '0', '2022-03-02 09:03:50', NULL, 3, NULL),
(4, 7, 7, 220922, 11347, 'N', '1 km', '15,000.00', '-', 'Diagnostico y reparación de la transmisión automática', '-', '0', '0', '1', '0', '0', '2022-03-02 09:11:54', NULL, 3, NULL),
(5, 8, 8, 220923, 11348, 'N', '99,747 km', '1,400.00', '-', 'Afinación de la transmisión automática', '-', '1', '0', '0', '0', '0', '2022-03-02 09:19:28', '2022-03-02 09:35:51', 3, 3),
(6, 9, 9, 220924, 11349, 'N', '236,001 km', '650.00', '-', 'Afinación de la transmisión automática', '-', '1', '0', '0', '0', '0', '2022-03-02 09:35:21', NULL, 3, NULL),
(7, 10, 10, 220925, 11350, 'N', '144,996 km', '10,000.00', '-', 'Dx y reparación de la transmisión automática', '-', '1', '0', '0', '0', '0', '2022-03-02 10:20:27', NULL, 3, NULL),
(8, 11, 11, 220926, 11351, 'GR', '1 km', '1.00', '-', 'Revisar transmisión automática', '-', '1', '0', '0', '0', '0', '2022-03-02 11:22:50', NULL, 3, NULL),
(9, 12, 12, 220927, 11352, 'N', '210,544 km', '14,000.00', '-', 'Dx y reparación de la transmisión automática', '-', '1', '0', '0', '0', '0', '2022-03-02 11:47:48', NULL, 3, NULL),
(10, 13, 13, 220928, 11353, 'GR', '302,651 km', '1.00', '-', 'Revisar Transmisión automática', '-', '1', '0', '0', '0', '0', '2022-03-02 12:54:35', NULL, 3, NULL),
(11, 15, 14, 220929, 11354, 'N', '1 km', '13,000.00', '-', 'Dx y posible reparación de la transmisión automática', '-', '1', '0', '0', '0', '0', '2022-03-02 15:18:23', NULL, 3, NULL),
(12, 16, 15, 220930, 11355, 'GR', '129,117 km', '1.00', '-', 'Revisar transmisión automática', '-', '1', '0', '0', '0', '0', '2022-03-02 16:29:15', NULL, 3, NULL),
(13, 17, 16, 220931, 11356, 'N', '103,935 km', '1,000.00', '-', 'Afinación de la transmisión automática', '-', '1', '0', '0', '0', '0', '2022-03-03 10:39:15', NULL, 3, NULL),
(14, 18, 17, 220932, 11357, 'N', '1 km', '10,500.00', '-', 'Dx y posible reparación de la transmisión automática', '-', '1', '0', '0', '0', '0', '2022-03-03 10:47:53', NULL, 3, NULL),
(15, 19, 18, 220933, 11358, 'N', '1 km', '20,000.00', '-', 'Dx y posible reparación de la transmisión automática', '-', '1', '0', '0', '0', '0', '2022-03-03 11:07:44', '2022-03-03 13:16:16', 3, 3),
(16, 20, 19, 220934, 11359, 'N', '1 km', '20,000.00', '-', 'Dx y posible reparación de la transmisión automática', '-', '1', '0', '0', '0', '0', '2022-03-03 11:18:17', NULL, 3, NULL),
(17, 21, 20, 220935, 11360, 'N', '234,184 km', '14,000.00', '-', 'Dx y reparación de la transmisión autoḿática', '-', '1', '0', '0', '0', '0', '2022-03-03 13:05:29', NULL, 3, NULL),
(18, 22, 21, 220936, 11361, 'N', '245,047 km', '1.00', '-', 'Revisar transmisión automática', '-', '1', '0', '0', '0', '0', '2022-03-03 14:17:23', NULL, 3, NULL),
(19, 23, 22, 220937, 11362, 'GR', '263,385 km', '1.00', '-', 'Revisar transmisión automática', '-', '1', '0', '0', '0', '0', '2022-03-03 17:39:49', NULL, 3, NULL),
(20, 24, 23, 220938, 11363, 'GR', '1 km', '1.00', '-', 'Revisar transmisión automática', '-', '1', '0', '0', '0', '0', '2022-03-04 10:44:38', NULL, 3, NULL),
(21, 25, 24, 220939, 11364, 'GR', '183,818 km', '1.00', '-', 'Revisar transmisión automática', '-', '1', '0', '0', '0', '0', '2022-03-04 11:26:54', NULL, 3, NULL),
(22, 26, 25, 220940, 11365, 'N', '1 km', '1.00', '-', 'Dx y posible reparación de la transmisión automática', '-', '1', '0', '0', '0', '0', '2022-03-04 13:20:20', NULL, 3, NULL),
(23, 27, 26, 220941, 11366, 'N', '1 km', '1.00', '-', 'Diagnostico', '-', '1', '0', '0', '0', '0', '2022-03-04 13:24:02', NULL, 3, NULL),
(24, 28, 27, 220942, 11367, 'N', '95,986 km', '1,400.00', '-', 'Afinación de la transmisión automática', '-', '0', '0', '1', '0', '0', '2022-03-04 14:52:29', NULL, 3, NULL),
(25, 29, 28, 220943, 11368, 'N', '1 km', '14,000.00', '-', 'Dx y posible reparación de la transmisión automática', '-', '1', '0', '0', '0', '0', '2022-03-04 17:11:07', NULL, 3, NULL),
(26, 30, 29, 220944, 11369, 'N', '1 km', '1.00', '-', 'Dx y posible reparación de la transmisión automática', '-', '1', '0', '0', '0', '0', '2022-03-05 09:06:00', NULL, 3, NULL),
(27, 31, 30, 220945, 11370, 'N', '1 km', '1.00', '-', 'Dx y posible reparación de la transmisión automática', '-', '0', '0', '1', '0', '0', '2022-03-05 09:12:35', NULL, 3, NULL),
(28, 32, 31, 110946, 11371, 'N', '146,542 km', '1,400.00', '-', 'Afinación de la transmisión automática', '-', '1', '0', '0', '0', '0', '2022-03-05 09:16:07', NULL, 3, NULL),
(29, 33, 32, 220946, 11372, 'N', '1 km', '11,000.00', '-', 'Dx y posible reparación de la transmisión automática', '-', '1', '0', '0', '0', '0', '2022-03-05 10:06:30', NULL, 3, NULL),
(30, 34, 33, 220947, 11373, 'N', '119,003 km', '1,900.00', '-', 'Afinación de la transmisión automática', '-', '0', '0', '1', '0', '0', '2022-03-05 11:00:26', NULL, 3, NULL),
(31, 35, 34, 220948, 11374, 'N', '1 km', '1.00', '-', 'Dx y reparación de la transmisión automática', '-', '1', '0', '0', '0', '0', '2022-03-05 12:42:52', NULL, 3, NULL),
(32, 36, 35, 220949, 11375, 'GR', '1 km', '1.00', '-', 'Revisar transmisión automática', '-', '1', '0', '0', '0', '0', '2022-03-05 12:49:45', NULL, 3, NULL),
(33, 37, 36, 220950, 11376, 'GR', '1 km', '1.00', '-', 'Revisar transmisión automàtica', '-', '1', '0', '0', '0', '0', '2022-03-05 13:04:58', NULL, 3, NULL),
(34, 38, 37, 221001, 11377, 'N', '134,756 km', '1,400.00', '-', 'Afinación de la transmisión automática', '-', '0', '0', '1', '0', '0', '2022-03-07 09:13:41', '2022-03-07 09:54:50', 3, 3),
(35, 39, 38, 221002, 11378, 'N', '1 km', '1.00', '-', 'Dx y posible reparación de la transmisión automática', '-', '1', '0', '0', '0', '0', '2022-03-07 09:29:05', '2022-03-07 09:54:34', 3, 3),
(36, 40, 39, 221003, 11379, 'GR', '249,476 km', '1.00', '-', 'Revisar transmisión automática', '-', '1', '0', '0', '0', '0', '2022-03-07 09:36:09', NULL, 3, NULL),
(37, 41, 40, 221004, 11380, 'N', '137,525 km', '1.00', '-', 'Diagnostico', '-', '1', '0', '0', '0', '0', '2022-03-07 09:40:32', NULL, 3, NULL),
(38, 42, 41, 221005, 11381, 'GR', '231,645 km', '1.00', '-', 'Revisar transmisión automática', '-', '1', '0', '0', '0', '0', '2022-03-07 09:46:40', NULL, 3, NULL),
(39, 43, 42, 221006, 11382, 'N', '1 km', '1.00', '-', 'Dx y posible reparación de la transmisión automática', '-', '1', '0', '0', '0', '0', '2022-03-07 10:06:13', NULL, 3, NULL),
(40, 44, 43, 221007, 11383, 'N', '103,796 km', '650.00', '-', 'Afinación de la transmisión automática', '-', '0', '0', '1', '0', '0', '2022-03-07 10:27:28', NULL, 3, NULL),
(41, 45, 44, 221008, 11384, 'N', '1 km', '1.00', '-', 'Diagnostico', '-', '1', '0', '0', '0', '0', '2022-03-07 10:45:01', NULL, 3, NULL),
(42, 46, 45, 221009, 11385, 'N', '1 km', '1.00', '-', 'Diagnostico', '-', '1', '0', '0', '0', '0', '2022-03-07 12:14:24', NULL, 3, NULL),
(43, 47, 46, 221010, 11386, 'N', '1 km', '1.00', '-', 'Dx y posible reparación de la transmisión automática', '-', '1', '0', '0', '0', '0', '2022-03-07 12:47:21', NULL, 3, NULL),
(44, 48, 47, 221011, 11387, 'N', '232,196 km', '1.00', '-', 'Revisar transmisión automática', '-', '1', '0', '0', '0', '0', '2022-03-07 13:13:49', NULL, 3, NULL),
(45, 49, 48, 221012, 11388, 'GR', '270,292 km', '1.00', '-', 'Revisar transmsión automática', '-', '1', '0', '0', '0', '0', '2022-03-07 13:28:20', '2022-03-07 14:40:28', 3, 3),
(46, 50, 49, 221013, 11389, 'N', '1 km', '13,000.00', '-', 'Dx y posible reparación de la transmisión automática', '-', '1', '0', '0', '0', '0', '2022-03-07 14:51:01', NULL, 3, NULL),
(47, 51, 50, 221014, 11390, 'N', '88,219 km', '1.00', '-', 'Dx y reparación de la transmisión automatica', '-', '1', '0', '0', '0', '0', '2022-03-07 16:23:15', NULL, 3, NULL),
(48, 52, 51, 221015, 11391, 'N', '1 km', '1.00', '-', 'Diagnostico', '-', '1', '0', '0', '0', '0', '2022-03-07 16:47:32', NULL, 3, NULL),
(49, 54, 53, 221016, 11392, 'N', '0 km', '13,000.00', '-', 'REPARACION', '-', '1', '0', '0', '0', '0', '2022-03-08 09:51:56', NULL, 3, NULL),
(50, 55, 54, 221017, 11393, 'N', '11 km', '10,000.00', '---', 'reparación de  transmisión ', '--', '1', '0', '0', '0', '0', '2022-03-08 10:08:54', NULL, 3, NULL),
(51, 56, 55, 221018, 11394, 'N', '217,741 km', '6,000.00', '----', 'EMPACADA', '-----', '1', '0', '0', '0', '0', '2022-03-08 10:39:42', NULL, 3, NULL),
(52, 57, 56, 221019, 11395, 'N', '157,377 km', '18,000.00', '****', 'reparación de transmisión ', '*****', '1', '0', '0', '0', '0', '2022-03-08 13:09:41', NULL, 3, NULL),
(53, 59, 57, 201020, 11396, 'N', '157,588 km', '1,400.00', '-', 'AFINACIÓN DE TRANSMISIÓN ', '-', '0', '0', '1', '0', '0', '2022-03-08 15:11:21', NULL, 3, NULL),
(54, 60, 58, 221021, 11397, 'N', '1 km', '1.00', '-', 'REPARACIÓN DE TRANSMISIÓN', '-', '1', '0', '0', '0', '0', '2022-03-08 15:37:41', NULL, 3, NULL),
(55, 53, 52, 220238, 11398, 'N', '1 km', '1.00', 'Fecha ingreso 15/01/2022\r\nNúmero orden 220238\r\nNúmero de proyecto 11027', 'Fecha ingreso 15/01/2022\r\nNúmero orden 220238\r\nNúmero de proyecto 11027', 'Fecha ingreso 15/01/2022\r\nNúmero orden 220238\r\nNúmero de proyecto 11027', '1', '0', '0', '0', '0', '2022-03-08 16:01:13', NULL, 4, NULL),
(56, 61, 59, 220341, 11399, 'GR', '1 km', '1.00', 'Fecha ingreso 21/01/2022\r\nNúmero orden 220341\r\nNúmero de proyecto 11068', 'Fecha ingreso 21/01/2022\r\nNúmero orden 220341\r\nNúmero de proyecto 11068', 'Fecha ingreso 21/01/2022\r\nNúmero orden 220341\r\nNúmero de proyecto 11068', '1', '0', '0', '0', '0', '2022-03-08 16:05:44', NULL, 4, NULL),
(57, 62, 60, 220345, 11400, 'N', '158,235 km', '1.00', 'Fecha ingreso 22/01/2022\r\nNúmero orden 220345\r\nNúmero de proyecto 11072\r\n', 'Fecha ingreso 22/01/2022\r\nNúmero orden 220345\r\nNúmero de proyecto 11072\r\n', 'Fecha ingreso 22/01/2022\r\nNúmero orden 220345\r\nNúmero de proyecto 11072\r\n', '1', '0', '0', '0', '0', '2022-03-08 16:13:04', NULL, 4, NULL),
(58, 63, 61, 220316, 11401, 'N', '197,467 km', '1.00', 'Fecha ingreso 18/01/2022\r\nNúmero orden 220316\r\nNúmero de proyecto 11043', 'Fecha ingreso 18/01/2022\r\nNúmero orden 220316\r\nNúmero de proyecto 11043', 'Fecha ingreso 18/01/2022\r\nNúmero orden 220316\r\nNúmero de proyecto 11043', '1', '0', '0', '0', '0', '2022-03-08 16:19:01', NULL, 4, NULL),
(59, 64, 62, 220412, 11402, 'GR', '1 km', '1.00', 'Fecha ingreso 24/01/2022\r\nNúmero orden 220412\r\nNúmero de proyecto 11085', 'Fecha ingreso 24/01/2022\r\nNúmero orden 220412\r\nNúmero de proyecto 11085', 'Fecha ingreso 24/01/2022\r\nNúmero orden 220412\r\nNúmero de proyecto 11085', '1', '0', '0', '0', '0', '2022-03-08 16:23:41', NULL, 4, NULL),
(60, 65, 63, 220420, 11403, 'N', '1 km', '1.00', 'Fecha ingreso 25/01/2022\r\nNúmero orden 220420\r\nNúmero de proyecto 11093\r\n', 'Fecha ingreso 25/01/2022\r\nNúmero orden 220420\r\nNúmero de proyecto 11093\r\n', 'Fecha ingreso 25/01/2022\r\nNúmero orden 220420\r\nNúmero de proyecto 11093\r\n', '1', '0', '0', '0', '0', '2022-03-08 16:28:58', NULL, 4, NULL),
(61, 66, 64, 220436, 11404, 'GR', '1 km', '1.00', 'Fecha ingreso 28/01/2022\r\nNúmero orden 220436\r\nNúmero de proyecto 11109', 'Fecha ingreso 28/01/2022\r\nNúmero orden 220436\r\nNúmero de proyecto 11109', 'Fecha ingreso 28/01/2022\r\nNúmero orden 220436\r\nNúmero de proyecto 11109', '1', '0', '0', '0', '0', '2022-03-08 16:33:05', NULL, 4, NULL),
(62, 67, 65, 220450, 11405, 'GR', '1 km', '1.00', 'Fecha ingreso 29/01/2022\r\nNúmero orden 220450\r\nNúmero de proyecto 11124', 'Fecha ingreso 29/01/2022\r\nNúmero orden 220450\r\nNúmero de proyecto 11124', 'Fecha ingreso 29/01/2022\r\nNúmero orden 220450\r\nNúmero de proyecto 11124', '1', '0', '0', '0', '0', '2022-03-08 16:47:03', NULL, 4, NULL),
(63, 68, 66, 220441, 11406, 'N', '1 km', '1.00', 'Fecha ingreso 28/01/2022\r\nNúmero orden 220441\r\nNúmero de proyecto 11115\r\n', 'Fecha ingreso 28/01/2022\r\nNúmero orden 220441\r\nNúmero de proyecto 11115\r\n', 'Fecha ingreso 28/01/2022\r\nNúmero orden 220441\r\nNúmero de proyecto 11115\r\n', '0', '1', '0', '0', '0', '0000-00-00 00:00:00', NULL, 4, NULL),
(64, 69, 67, 220520, 11407, 'GR', '1 km', '1.00', 'Fecha ingreso 02/02/2022\r\nNúmero orden 220520\r\nNúmero de proyecto 11145\r\ncolor Plata', 'Fecha ingreso 02/02/2022\r\nNúmero orden 220520\r\nNúmero de proyecto 11145', 'Fecha ingreso 02/02/2022\r\nNúmero orden 220520\r\nNúmero de proyecto 11145', '1', '0', '0', '0', '0', '2022-03-08 16:58:02', NULL, 4, NULL),
(65, 70, 68, 220521, 11408, 'GR', '1 km', '1.00', 'Fecha ingreso 02/02/2022\r\nNúmero orden 220521\r\nNúmero de proyecto 11146', 'Fecha ingreso 02/02/2022\r\nNúmero orden 220521\r\nNúmero de proyecto 11146', 'Fecha ingreso 02/02/2022\r\nNúmero orden 220521\r\nNúmero de proyecto 11146', '1', '0', '0', '0', '0', '2022-03-08 17:04:26', NULL, 4, NULL),
(66, 72, 69, 220522, 11409, 'GR', '1 km', '1.00', 'Fecha ingreso 02/02/2022\r\nNúmero orden 220522\r\nNúmero de proyecto 11147', 'Fecha ingreso 02/02/2022\r\nNúmero orden 220522\r\nNúmero de proyecto 11147', 'Fecha ingreso 02/02/2022\r\nNúmero orden 220522\r\nNúmero de proyecto 11147', '1', '0', '0', '0', '0', '2022-03-09 09:25:39', NULL, 4, NULL),
(67, 71, 70, 221022, 11409, 'N', '73,902 km', '1,400.00', '-', 'Afinación de la transmisión automática', '-', '0', '0', '1', '0', '0', '2022-03-09 09:26:02', NULL, 3, NULL),
(68, 73, 71, 220529, 11411, 'GR', '1 km', '1.00', 'Fecha ingreso 03/02/2022\r\nNúmero orden 220529\r\nNúmero de proyecto 11156', 'Fecha ingreso 03/02/2022\r\nNúmero orden 220529\r\nNúmero de proyecto 11156', 'Fecha ingreso 03/02/2022\r\nNúmero orden 220529\r\nNúmero de proyecto 11156', '1', '0', '0', '0', '0', '2022-03-09 09:30:26', NULL, 4, NULL),
(69, 75, 72, 220531, 11412, 'GR', '1 km', '1.00', 'Fecha ingreso 03/02/2022\r\nNúmero orden 220531\r\nNúmero de proyecto 11158\r\n', 'Fecha ingreso 03/02/2022\r\nNúmero orden 220531\r\nNúmero de proyecto 11158\r\n', 'Fecha ingreso 03/02/2022\r\nNúmero orden 220531\r\nNúmero de proyecto 11158\r\n', '1', '0', '0', '0', '0', '2022-03-09 09:35:52', NULL, 4, NULL),
(70, 74, 73, 221023, 11412, 'N', '1 km', '90,000.00', 'Audi S3 2017 JMRR\r\nWAUBFJ8V6H1067024', 'Diagnostico', '-', '0', '0', '1', '0', '0', '2022-03-09 09:37:27', NULL, 3, NULL),
(71, 76, 74, 220536, 11414, 'GR', '1 km', '1.00', 'Fecha ingreso 04/02/2022\r\nNúmero orden 220536\r\nNúmero de proyecto 11163\r\n', 'Fecha ingreso 04/02/2022\r\nNúmero orden 220536\r\nNúmero de proyecto 11163\r\n', 'Fecha ingreso 04/02/2022\r\nNúmero orden 220536\r\nNúmero de proyecto 11163\r\n', '1', '0', '0', '0', '0', '2022-03-09 09:41:43', NULL, 4, NULL),
(72, 77, 75, 220537, 11415, 'GR', '1 km', '1.00', 'Fecha ingreso 04/02/2022\r\nNúmero orden 220537\r\nNúmero de proyecto 11164', 'Fecha ingreso 04/02/2022\r\nNúmero orden 220537\r\nNúmero de proyecto 11164', 'Fecha ingreso 04/02/2022\r\nNúmero orden 220537\r\nNúmero de proyecto 11164', '1', '0', '0', '0', '0', '2022-03-09 09:47:52', NULL, 4, NULL),
(73, 78, 77, 221024, 11416, 'N', '195,590 km', '650.00', '-', 'Afinación de la transmisión automática', '-', '1', '0', '0', '0', '0', '2022-03-09 09:58:02', NULL, 3, NULL),
(74, 79, 76, 220535, 11416, 'N', '1 km', '1.00', 'Fecha ingreso 03/02/2022\r\nNúmero orden \r\nNúmero de proyecto 11162\r\n', 'Fecha ingreso 03/02/2022\r\nNúmero orden 220535\r\nNúmero de proyecto 11162\r\n', 'Fecha ingreso 03/02/2022\r\nNúmero orden 220535\r\nNúmero de proyecto 11162\r\n', '1', '0', '0', '0', '0', '2022-03-09 09:59:21', NULL, 4, NULL),
(75, 80, 78, 220533, 11418, 'N', '173,243 km', '1.00', 'Fecha ingreso 03/02/2022\r\nNúmero orden 220533\r\nNúmero de proyecto 11160', 'Fecha ingreso 03/02/2022\r\nNúmero orden 220533\r\nNúmero de proyecto 11160', 'Fecha ingreso 03/02/2022\r\nNúmero orden 220533\r\nNúmero de proyecto 11160', '1', '0', '0', '0', '0', '2022-03-09 10:03:46', NULL, 4, NULL),
(76, 81, 80, 221025, 11419, 'N', '98,260 km', '27,000.00', '-', 'Diagnostico y posible reparación de la transmisión automática', '-', '1', '0', '0', '0', '0', '2022-03-09 10:06:59', NULL, 3, NULL),
(77, 82, 79, 220527, 11420, 'N', '1 km', '1.00', 'Fecha ingreso 21/02/2022\r\nNúmero orden 220527\r\nNúmero de proyecto 11152', 'Fecha ingreso 21/02/2022\r\nNúmero orden 220527\r\nNúmero de proyecto 11152', 'Fecha ingreso 21/02/2022\r\nNúmero orden 220527\r\nNúmero de proyecto 11152', '1', '0', '0', '0', '0', '2022-03-09 10:08:23', NULL, 4, NULL),
(78, 83, 81, 220511, 11421, 'N', '140,886 km', '1.00', 'Fecha ingreso 01/02/2022\r\nNúmero orden 220511\r\nNúmero de proyecto 11136', 'Fecha ingreso 01/02/2022\r\nNúmero orden 220511\r\nNúmero de proyecto 11136', 'Fecha ingreso 01/02/2022\r\nNúmero orden 220511\r\nNúmero de proyecto 11136', '1', '0', '0', '0', '0', '2022-03-09 10:25:07', NULL, 4, NULL),
(79, 84, 82, 220504, 11422, 'N', '131,793 km', '1.00', 'Fecha ingreso 31/01/2022\r\nNúmero orden 220504\r\nNúmero de proyecto 11128\r\n', 'Fecha ingreso 31/01/2022\r\nNúmero orden 220504\r\nNúmero de proyecto 11128\r\n', 'Fecha ingreso 31/01/2022\r\nNúmero orden 220504\r\nNúmero de proyecto 11128\r\n', '1', '1', '0', '0', '0', '0000-00-00 00:00:00', NULL, 4, NULL),
(80, 85, 83, 220610, 11423, 'GR', '1 km', '1.00', 'Fecha ingreso 08/02/2022\r\nNúmero orden 220610\r\nNúmero de proyecto 11189', 'Fecha ingreso 08/02/2022\r\nNúmero orden 220610\r\nNúmero de proyecto 11189', 'Fecha ingreso 08/02/2022\r\nNúmero orden 220610\r\nNúmero de proyecto 11189', '1', '0', '0', '0', '0', '2022-03-09 10:33:42', NULL, 4, NULL),
(81, 86, 84, 220625, 11424, 'GR', '1 km', '1.00', 'Fecha ingreso 09/02/2022\r\nNúmero orden 220625\r\nNúmero de proyecto 11204\r\n', 'Fecha ingreso 09/02/2022\r\nNúmero orden 220625\r\nNúmero de proyecto 11204\r\n', 'Fecha ingreso 09/02/2022\r\nNúmero orden 220625\r\nNúmero de proyecto 11204\r\n', '1', '0', '0', '0', '0', '2022-03-09 10:38:37', NULL, 4, NULL),
(82, 69, 67, 220628, 11425, 'GR', '1 km', '1.00', 'Fecha ingreso 10/02/2022\r\nNúmero orden 220628\r\nNúmero de proyecto 11207', 'Fecha ingreso 10/02/2022\r\nNúmero orden 220628\r\nNúmero de proyecto 11207', 'Fecha ingreso 10/02/2022\r\nNúmero orden 220628\r\nNúmero de proyecto 11207', '1', '0', '0', '0', '0', '2022-03-09 10:42:31', NULL, 4, NULL),
(83, 63, 85, 220638, 11426, 'GR', '1 km', '1.00', 'Fecha ingreso 11/02/2022\r\nNúmero orden 220638\r\nNúmero de proyecto 11217\r\n', 'Fecha ingreso 11/02/2022\r\nNúmero orden 220638\r\nNúmero de proyecto 11217\r\n', 'Fecha ingreso 11/02/2022\r\nNúmero orden 220638\r\nNúmero de proyecto 11217\r\n', '1', '0', '0', '0', '0', '2022-03-09 11:12:47', NULL, 4, NULL),
(84, 16, 15, 220629, 11427, 'GR', '1 km', '1.00', 'Fecha ingreso 10/02/2022\r\nNúmero orden 220629\r\nNúmero de proyecto 11208', 'Fecha ingreso 10/02/2022\r\nNúmero orden 220629\r\nNúmero de proyecto 11208', 'Fecha ingreso 10/02/2022\r\nNúmero orden 220629\r\nNúmero de proyecto 11208', '1', '0', '0', '0', '0', '2022-03-09 11:17:07', NULL, 4, NULL),
(85, 87, 99, 221026, 11428, 'N', '1 km', '1.00', '-', 'Diagnostico ', '-', '1', '0', '0', '0', '0', '2022-03-09 11:50:54', '2022-03-09 14:26:42', 3, 3),
(86, 88, 86, 220639, 11428, 'GR', '1 km', '1.00', 'Fecha ingreso 11/02/2022\r\nNúmero orden 220639\r\nNúmero de proyecto 11218', 'Fecha ingreso 11/02/2022\r\nNúmero orden 220639\r\nNúmero de proyecto 11218', 'Fecha ingreso 11/02/2022\r\nNúmero orden 220639\r\nNúmero de proyecto 11218', '1', '0', '0', '0', '0', '2022-03-09 11:51:14', NULL, 4, NULL),
(87, 89, 88, 220644, 11430, 'GR', '1 km', '1.00', 'Fecha ingreso 12/02/2022\r\nNúmero orden 220644\r\nNúmero de proyecto 11223\r\n', 'Fecha ingreso 12/02/2022\r\nNúmero orden 220644\r\nNúmero de proyecto 11223\r\n', 'Fecha ingreso 12/02/2022\r\nNúmero orden 220644\r\nNúmero de proyecto 11223\r\n', '1', '0', '0', '0', '0', '2022-03-09 11:55:02', NULL, 4, NULL),
(88, 90, 90, 221027, 11431, 'N', '123,773 km', '6,000.00', '-', 'Diagnostico y Dirección', '-', '1', '0', '0', '0', '0', '2022-03-09 11:58:39', NULL, 3, NULL),
(89, 91, 89, 220703, 11431, 'GR', '153,983 km', '1.00', 'Fecha ingreso 25/02/2022\r\nNúmero orden 220703\r\nNúmero de proyecto 11228', 'Fecha ingreso 25/02/2022\r\nNúmero orden 220703\r\nNúmero de proyecto 11228', 'Fecha ingreso 25/02/2022\r\nNúmero orden 220703\r\nNúmero de proyecto 11228', '1', '0', '0', '0', '0', '2022-03-09 11:59:15', NULL, 4, NULL),
(90, 92, 91, 220706, 11433, 'GR', '1 km', '1.00', 'Fecha ingreso 14/02/2022\r\nNúmero orden 220706\r\nNúmero de proyecto 11231\r\n', 'Fecha ingreso 14/02/2022\r\nNúmero orden 220706\r\nNúmero de proyecto 11231\r\n', 'Fecha ingreso 14/02/2022\r\nNúmero orden 220706\r\nNúmero de proyecto 11231\r\n', '1', '0', '0', '0', '0', '2022-03-09 12:03:11', NULL, 4, NULL),
(91, 93, 92, 220707, 11434, 'GR', '1 km', '1.00', 'Fecha ingreso 14/02/2022\r\nNúmero orden 220707\r\nNúmero de proyecto 11232\r\n', 'Fecha ingreso 14/02/2022\r\nNúmero orden 220707\r\nNúmero de proyecto 11232\r\n', 'Fecha ingreso 14/02/2022\r\nNúmero orden 220707\r\nNúmero de proyecto 11232\r\n', '1', '0', '0', '0', '0', '2022-03-09 12:07:15', NULL, 4, NULL),
(92, 94, 93, 220717, 11435, 'GR', '138,028 km', '1.00', 'Fecha ingreso 15/02/2022\r\nNúmero orden 220717\r\nNúmero de proyecto 11242', 'Fecha ingreso 15/02/2022\r\nNúmero orden 220717\r\nNúmero de proyecto 11242', 'Fecha ingreso 15/02/2022\r\nNúmero orden 220717\r\nNúmero de proyecto 11242', '1', '0', '0', '0', '0', '2022-03-09 12:14:51', NULL, 4, NULL),
(93, 95, 94, 220718, 11436, 'GR', '1 km', '1.00', 'Fecha ingreso 15/02/2022\r\nNúmero orden 220718\r\nNúmero de proyecto 11243', 'Fecha ingreso 15/02/2022\r\nNúmero orden 220718\r\nNúmero de proyecto 11243', 'Fecha ingreso 15/02/2022\r\nNúmero orden 220718\r\nNúmero de proyecto 11243', '1', '0', '0', '0', '0', '2022-03-09 12:23:27', NULL, 4, NULL),
(94, 96, 95, 220723, 11437, 'GR', '1 km', '1.00', 'Fecha ingreso 16/02/2022\r\nNúmero orden 220723\r\nNúmero de proyecto 11248', 'Fecha ingreso 16/02/2022\r\nNúmero orden 220723\r\nNúmero de proyecto 11248', 'Fecha ingreso 16/02/2022\r\nNúmero orden 220723\r\nNúmero de proyecto 11248', '1', '0', '0', '0', '0', '2022-03-09 12:42:41', NULL, 4, NULL),
(95, 63, 85, 220732, 11438, 'GR', '197,696 km', '1.00', 'Fecha ingreso 17/02/2022\r\nNúmero orden 220732\r\nNúmero de proyecto 11257', 'Fecha ingreso 17/02/2022\r\nNúmero orden 220732\r\nNúmero de proyecto 11257', 'Fecha ingreso 17/02/2022\r\nNúmero orden 220732\r\nNúmero de proyecto 11257', '1', '0', '0', '0', '0', '2022-03-09 12:45:37', NULL, 4, NULL),
(96, 97, 96, 220737, 11439, 'N', '1 km', '1.00', 'Fecha ingreso 17/02/2022\r\nNúmero orden 220737\r\nNúmero de proyecto 11262', 'Fecha ingreso 17/02/2022\r\nNúmero orden 220737\r\nNúmero de proyecto 11262', 'Fecha ingreso 17/02/2022\r\nNúmero orden 220737\r\nNúmero de proyecto 11262', '1', '0', '0', '0', '0', '2022-03-09 12:50:53', NULL, 4, NULL),
(97, 98, 98, 221028, 11440, 'N', '149,999 km', '1.00', '-', 'Revisar transmisión automática', '-', '1', '0', '0', '0', '0', '2022-03-09 12:55:20', NULL, 3, NULL),
(98, 99, 97, 220722, 11440, 'N', '88,982 km', '1.00', 'Fecha ingreso 17/02/2022\r\nNúmero orden 220722\r\nNúmero de proyecto 11247', 'Fecha ingreso 17/02/2022\r\nNúmero orden 220722\r\nNúmero de proyecto 11247', 'Fecha ingreso 17/02/2022\r\nNúmero orden 220722\r\nNúmero de proyecto 11247', '1', '0', '0', '0', '0', '2022-03-09 12:56:14', NULL, 4, NULL),
(99, 100, 100, 220719, 11442, 'N', '231,149 km', '1.00', 'Fecha ingreso 15/02/2022\r\nNúmero orden 220719\r\nNúmero de proyecto 11244\r\n', 'Fecha ingreso 15/02/2022\r\nNúmero orden 220719\r\nNúmero de proyecto 11244\r\n', 'Fecha ingreso 15/02/2022\r\nNúmero orden 220719\r\nNúmero de proyecto 11244\r\n', '1', '0', '0', '0', '0', '2022-03-09 14:25:25', NULL, 4, NULL),
(100, 101, 101, 220713, 11443, 'N', '254,628 km', '1.00', 'Fecha ingreso 15/02/2022\r\nNúmero orden 220713\r\nNúmero de proyecto 11238\r\n', 'Fecha ingreso 15/02/2022\r\nNúmero orden 220713\r\nNúmero de proyecto 11238\r\n', 'Fecha ingreso 15/02/2022\r\nNúmero orden 220713\r\nNúmero de proyecto 11238\r\n', '1', '0', '0', '0', '0', '2022-03-09 14:29:57', NULL, 4, NULL),
(101, 102, 102, 220712, 11444, 'N', '226,163 km', '1.00', 'Fecha ingreso 15/02/2022\r\nNúmero orden 220712\r\nNúmero de proyecto 11237\r\n', 'Fecha ingreso 15/02/2022\r\nNúmero orden 220712\r\nNúmero de proyecto 11237\r\n', 'Fecha ingreso 15/02/2022\r\nNúmero orden 220712\r\nNúmero de proyecto 11237\r\n', '1', '0', '0', '0', '0', '2022-03-09 14:33:48', NULL, 4, NULL),
(102, 103, 103, 220710, 11445, 'N', '295,704 km', '1.00', 'Fecha ingreso 14/02/2022\r\nNúmero orden 220710\r\nNúmero de proyecto 11235', 'Fecha ingreso 14/02/2022\r\nNúmero orden 220710\r\nNúmero de proyecto 11235', 'Fecha ingreso 14/02/2022\r\nNúmero orden 220710\r\nNúmero de proyecto 11235', '1', '0', '0', '0', '0', '2022-03-09 14:38:17', NULL, 4, NULL),
(103, 48, 47, 220701, 11446, 'N', '231,251 km', '1.00', 'Fecha ingreso 14/02/2022\r\nNúmero orden 220701\r\nNúmero de proyecto 11226\r\n', 'Fecha ingreso 14/02/2022\r\nNúmero orden 220701\r\nNúmero de proyecto 11226\r\n', 'Fecha ingreso 14/02/2022\r\nNúmero orden 220701\r\nNúmero de proyecto 11226\r\n', '1', '0', '0', '0', '0', '2022-03-09 14:40:41', NULL, 4, NULL),
(104, 104, 104, 220343, 11447, 'N', '1 km', '1.00', 'Fecha ingreso 22/01/2022\r\nNúmero orden 220343\r\nNúmero de proyecto 11070\r\n', 'Fecha ingreso 22/01/2022\r\nNúmero orden 220343\r\nNúmero de proyecto 11070\r\n', 'Fecha ingreso 22/01/2022\r\nNúmero orden 220343\r\nNúmero de proyecto 11070\r\n', '1', '0', '0', '0', '0', '2022-03-09 14:49:12', NULL, 4, NULL),
(105, 105, 106, 220111, 11448, 'N', '1 km', '1.00', 'Fecha ingreso 14/01/2022\r\nNúmero orden 220111\r\nNúmero de proyecto 10944', 'Fecha ingreso 14/01/2022\r\nNúmero orden 220111\r\nNúmero de proyecto 10944', 'Fecha ingreso 14/01/2022\r\nNúmero orden 220111\r\nNúmero de proyecto 10944', '1', '0', '0', '0', '0', '2022-03-09 14:58:55', NULL, 4, NULL),
(106, 36, 35, 215033, 11449, 'N', '1 km', '1.00', 'Fecha ingreso 18/12/2021\r\nNúmero orden 215033\r\nNúmero de proyecto 10868', 'Fecha ingreso 18/12/2021\r\nNúmero orden 215033\r\nNúmero de proyecto 10868', 'Fecha ingreso 18/12/2021\r\nNúmero orden 215033\r\nNúmero de proyecto 10868', '1', '0', '0', '0', '0', '2022-03-09 15:01:25', NULL, 4, NULL),
(107, 106, 107, 212508, 11450, 'GR', '192,303 km', '1.00', 'Fecha ingreso 07/08/2021\r\nNúmero orden 212508\r\nNúmero de proyecto 9659\r\n', 'Fecha ingreso 07/08/2021\r\nNúmero orden 212508\r\nNúmero de proyecto 9659\r\n', 'Fecha ingreso 07/08/2021\r\nNúmero orden 212508\r\nNúmero de proyecto 9659\r\n', '1', '0', '0', '0', '0', '2022-03-09 15:12:06', NULL, 4, NULL),
(108, 107, 108, 211312, 11451, 'GR', '121,893 km', '1.00', 'Fecha ingreso 07/08/2021\r\nNúmero orden 211312\r\nNúmero de proyecto 9029', 'Fecha ingreso 07/08/2021\r\nNúmero orden 211312\r\nNúmero de proyecto 9029', 'Fecha ingreso 07/08/2021\r\nNúmero orden 211312\r\nNúmero de proyecto 9029', '1', '0', '0', '0', '0', '2022-03-09 15:17:09', NULL, 4, NULL),
(109, 108, 109, 211933, 11452, 'GR', '125,737 km', '1.00', 'Fecha ingreso 20/08/2021\r\nNúmero orden 211933\r\nNúmero de proyecto 9379', 'Fecha ingreso 20/08/2021\r\nNúmero orden 211933\r\nNúmero de proyecto 9379', 'Fecha ingreso 20/08/2021\r\nNúmero orden 211933\r\nNúmero de proyecto 9379', '1', '0', '0', '0', '0', '2022-03-09 15:23:30', NULL, 4, NULL),
(110, 109, 110, 213830, 11453, 'GR', '1 km', '1.00', 'Fecha ingreso 23/09/2021\r\nNúmero orden 213830\r\nNúmero de proyecto 10373', 'Fecha ingreso 23/09/2021\r\nNúmero orden 213830\r\nNúmero de proyecto 10373', 'Fecha ingreso 23/09/2021\r\nNúmero orden 213830\r\nNúmero de proyecto 10373', '1', '0', '0', '0', '0', '2022-03-09 15:27:16', NULL, 4, NULL),
(111, 110, 111, 212910, 11454, 'N', '1 km', '1.00', 'Fecha ingreso 19/07/2021\r\nNúmero orden 212910\r\nNúmero de proyecto 9893', 'Fecha ingreso 19/07/2021\r\nNúmero orden 212910\r\nNúmero de proyecto 9893', 'Fecha ingreso 19/07/2021\r\nNúmero orden 212910\r\nNúmero de proyecto 9893', '1', '0', '0', '0', '0', '2022-03-09 15:30:44', NULL, 4, NULL),
(112, 111, 112, 214121, 11455, 'GR', '1 km', '1.00', 'Fecha ingreso 23/02/2022\r\nNúmero orden 214121\r\nNúmero de proyecto 10485', 'Fecha ingreso 23/02/2022\r\nNúmero orden 214121\r\nNúmero de proyecto 10485', 'Fecha ingreso 23/02/2022\r\nNúmero orden 214121\r\nNúmero de proyecto 10485', '1', '0', '0', '0', '0', '2022-03-09 15:34:23', NULL, 4, NULL),
(113, 112, 113, 214440, 11456, 'GR', '124,482 km', '1.00', 'Fecha ingreso 05/11/2021\r\nNúmero orden 214440\r\nNúmero de proyecto 10622', 'Fecha ingreso 05/11/2021\r\nNúmero orden 214440\r\nNúmero de proyecto 10622', 'Fecha ingreso 05/11/2021\r\nNúmero orden 214440\r\nNúmero de proyecto 10622', '1', '0', '0', '0', '0', '2022-03-09 15:38:17', NULL, 4, NULL),
(114, 113, 114, 213144, 11457, 'GR', '1 km', '1.00', 'Fecha ingreso 07/08/2021\r\nNúmero orden 213144\r\nNúmero de proyecto 10056', 'Fecha ingreso 07/08/2021\r\nNúmero orden 213144\r\nNúmero de proyecto 10056', 'Fecha ingreso 07/08/2021\r\nNúmero orden 213144\r\nNúmero de proyecto 10056', '1', '0', '0', '0', '0', '2022-03-09 15:42:54', NULL, 4, NULL),
(115, 114, 115, 221029, 11458, 'N', '155,356 km', '650.00', '-', 'Afinación de la transmisión automática', '-', '1', '0', '0', '0', '0', '2022-03-09 15:54:55', NULL, 3, NULL),
(116, 115, 116, 221030, 11459, 'N', '1 km', '1.00', '-', 'Diagnostico', '-', '1', '0', '0', '0', '0', '2022-03-09 17:16:20', NULL, 3, NULL),
(117, 116, 117, 221031, 11460, 'N', '1 km', '1.00', 'Fuga de aceite', 'Diagnostico', '-', '1', '0', '0', '0', '0', '2022-03-10 09:29:43', NULL, 3, NULL),
(118, 118, 118, 220804, 11461, 'GR', '118,463 km', '1.00', 'Fecha ingreso 21/02/2022\r\nNúmero orden 220804\r\nNúmero de proyecto 11276', 'Fecha ingreso 21/02/2022\r\nNúmero orden 220804\r\nNúmero de proyecto 11276', 'Fecha ingreso 21/02/2022\r\nNúmero orden 220804\r\nNúmero de proyecto 11276', '1', '0', '0', '0', '0', '2022-03-10 09:48:18', NULL, 4, NULL),
(119, 119, 120, 214139, 11462, 'N', '105,269 km', '1.00', 'Fecha ingreso 15/10/2021\r\nNúmero orden 214139\r\nNúmero de proyecto 10505', 'Fecha ingreso 15/10/2021\r\nNúmero orden 214139\r\nNúmero de proyecto 10505', 'Fecha ingreso 15/10/2021\r\nNúmero orden 214139\r\nNúmero de proyecto 10505', '1', '0', '0', '0', '0', '2022-03-10 09:56:44', NULL, 4, NULL),
(120, 117, 119, 221032, 11463, 'N', '191,721 km', '1.00', '-', 'Afinación de la transmisión automática', '-', '0', '0', '1', '0', '0', '2022-03-10 09:57:30', NULL, 3, NULL),
(121, 120, 121, 220428, 11464, 'GR', '1 km', '1.00', 'Fecha ingreso 27/01/2022\r\nNúmero orden 220428\r\nNúmero de proyecto 11101', 'Fecha ingreso 27/01/2022\r\nNúmero orden 220428\r\nNúmero de proyecto 11101', 'Fecha ingreso 27/01/2022\r\nNúmero orden 220428\r\nNúmero de proyecto 11101', '1', '0', '0', '0', '0', '2022-03-10 10:04:12', NULL, 4, NULL),
(122, 121, 122, 220310, 11465, 'N', '135,399 km', '1.00', 'Fecha ingreso 18/01/2022\r\nNúmero orden 220310\r\nNúmero de proyecto 11037', 'Fecha ingreso 18/01/2022\r\nNúmero orden 220310\r\nNúmero de proyecto 11037', 'Fecha ingreso 18/01/2022\r\nNúmero orden 220310\r\nNúmero de proyecto 11037', '1', '0', '0', '0', '0', '2022-03-10 10:11:14', NULL, 4, NULL),
(123, 122, 123, 214429, 11466, 'GR', '1 km', '1.00', 'Fecha ingreso 04/11/2021\r\nNúmero orden 214429\r\nNúmero de proyecto 10610', 'Fecha ingreso 04/11/2021\r\nNúmero orden 214429\r\nNúmero de proyecto 10610', 'Fecha ingreso 04/11/2021\r\nNúmero orden 214429\r\nNúmero de proyecto 10610', '1', '0', '0', '0', '0', '2022-03-10 10:18:24', NULL, 4, NULL),
(124, 123, 124, 214225, 11467, 'GR', '290,463 km', '1.00', 'Fecha ingreso 22/10/2021\r\nNúmero orden 214225\r\nNúmero de proyecto 10539', 'Fecha ingreso 22/10/2021\r\nNúmero orden 214225\r\nNúmero de proyecto 10539', 'Fecha ingreso 22/10/2021\r\nNúmero orden 214225\r\nNúmero de proyecto 10539', '1', '0', '0', '0', '0', '2022-03-10 10:22:38', NULL, 4, NULL),
(125, 124, 125, 221032, 11468, 'N', '112,289 km', '18,000.00', '-', 'Dx y reparación de la transmisión automática', '-', '1', '0', '0', '0', '0', '2022-03-10 12:45:21', NULL, 3, NULL),
(126, 126, 126, 221033, 11469, 'N', '268,692 km', '5,000.00', '-', 'Afinación y switch de presión', '-', '1', '0', '0', '0', '0', '2022-03-10 15:39:19', NULL, 3, NULL),
(127, 127, 127, 221035, 11470, 'N', '105,922 km', '1.00', '-', 'Dx y reparación de la transmisión automática', '-', '0', '0', '1', '0', '0', '2022-03-10 16:05:19', NULL, 3, NULL),
(128, 128, 129, 221036, 11471, 'N', '1 km', '1.00', '-', 'Diagnostico', '-', '0', '0', '1', '0', '0', '2022-03-10 16:13:54', NULL, 3, NULL),
(129, 129, 130, 221037, 11472, 'N', '392,147 km', '15,000.00', '-', 'Dx y reparación de la transmisión automática', '-', '0', '0', '1', '0', '0', '2022-03-10 16:27:09', NULL, 3, NULL),
(130, 130, 131, 221038, 11473, 'N', '1 km', '1.00', '-', 'Diagnostico', '-', '0', '0', '1', '0', '0', '2022-03-10 16:35:24', NULL, 3, NULL),
(131, 131, 132, 221039, 11474, 'GR', '165,543 km', '1.00', '-', 'Revisar transmisión automática', '-', '1', '0', '0', '0', '0', '2022-03-10 16:42:16', NULL, 3, NULL),
(132, 132, 133, 221040, 11475, 'GR', '624,644 km', '1.00', '-', 'Revisar transmisión automática', '-', '0', '0', '1', '0', '0', '2022-03-10 16:52:52', NULL, 3, NULL),
(133, 133, 134, 221041, 11476, 'N', '161,024 km', '1.00', '-', 'Dx y reparación de la transmisión automática', '-', '0', '0', '1', '0', '0', '2022-03-10 17:07:25', NULL, 3, NULL),
(134, 134, 135, 221042, 11477, 'GR', '1 km', '1.00', '-', 'Revisar transmisión automátic', '-', '1', '0', '0', '0', '0', '2022-03-10 17:21:06', NULL, 3, NULL),
(135, 125, 136, 221043, 11478, 'N', '165,827 km', '13,000.00', '-', 'Dx y reparación de la transmisión automática', '-', '0', '0', '1', '0', '0', '2022-03-11 10:40:16', NULL, 3, NULL),
(136, 135, 137, 214419, 11479, 'GR', '104,454 km', '1.00', 'Fecha ingreso 03/11/2021\r\nNúmero orden 214419\r\nNúmero de proyecto 10601', 'Fecha ingreso 03/11/2021\r\nNúmero orden 214419\r\nNúmero de proyecto 10601', 'Fecha ingreso 03/11/2021\r\nNúmero orden 214419\r\nNúmero de proyecto 10601', '1', '0', '0', '0', '0', '2022-03-11 10:45:55', NULL, 4, NULL),
(137, 136, 138, 213524, 11480, 'GR', '1 km', '1.00', 'Fecha ingreso 01/09/2021\r\nNúmero orden 213524\r\nNúmero de proyecto 10226\r\n', 'Fecha ingreso 01/09/2021\r\nNúmero orden 213524\r\nNúmero de proyecto 10226\r\n', 'Fecha ingreso 01/09/2021\r\nNúmero orden 213524\r\nNúmero de proyecto 10226\r\n', '1', '0', '0', '0', '0', '2022-03-11 10:50:34', NULL, 4, NULL),
(138, 137, 139, 220437, 11481, 'GR', '1 km', '1.00', 'Fecha ingreso 28/01/2022\r\nNúmero orden 220437\r\nNúmero de proyecto 11110\r\n', 'Fecha ingreso 28/01/2022\r\nNúmero orden 220437\r\nNúmero de proyecto 11110\r\n', 'Fecha ingreso 28/01/2022\r\nNúmero orden 220437\r\nNúmero de proyecto 11110\r\n', '1', '0', '0', '0', '0', '2022-03-11 10:55:00', NULL, 4, NULL),
(139, 138, 140, 220138, 11482, 'GR', '1 km', '1.00', 'Fecha ingreso 07/01/2022\r\nNúmero orden 220138\r\nNúmero de proyecto 10971', 'Fecha ingreso 07/01/2022\r\nNúmero orden 220138\r\nNúmero de proyecto 10971', 'Fecha ingreso 07/01/2022\r\nNúmero orden 220138\r\nNúmero de proyecto 10971', '1', '0', '0', '0', '0', '2022-03-11 10:58:47', NULL, 4, NULL),
(140, 140, 142, 220318, 11483, 'N', '1 km', '1.00', 'Fecha ingreso 19/01/2022\r\nNúmero orden 220318\r\nNúmero de proyecto 11045', 'Fecha ingreso 19/01/2022\r\nNúmero orden 220318\r\nNúmero de proyecto 11045', 'Fecha ingreso 19/01/2022\r\nNúmero orden 220318\r\nNúmero de proyecto 11045', '1', '0', '0', '0', '0', '2022-03-11 11:07:03', NULL, 4, NULL),
(141, 131, 143, 220216, 11484, 'GR', '1 km', '1.00', 'Fecha ingreso 12/01/2022\r\nNúmero orden 220216\r\nNúmero de proyecto 11005', 'Fecha ingreso 12/01/2022\r\nNúmero orden 220216\r\nNúmero de proyecto 11005', 'Fecha ingreso 12/01/2022\r\nNúmero orden 220216\r\nNúmero de proyecto 11005', '1', '0', '0', '0', '0', '2022-03-11 11:11:34', NULL, 4, NULL),
(142, 141, 144, 220135, 11485, 'GR', '1 km', '1.00', 'Fecha ingreso 06/01/2022\r\nNúmero orden 220135\r\nNúmero de proyecto 10968', 'Fecha ingreso 06/01/2022\r\nNúmero orden 220135\r\nNúmero de proyecto 10968', 'Fecha ingreso 06/01/2022\r\nNúmero orden 220135\r\nNúmero de proyecto 10968', '1', '0', '0', '0', '0', '2022-03-11 11:14:57', NULL, 4, NULL),
(143, 142, 145, 214307, 11486, 'GR', '1 km', '1.00', 'Fecha ingreso 09/12/2021\r\nNúmero orden 214307\r\nNúmero de proyecto 10554', 'Fecha ingreso 09/12/2021\r\nNúmero orden 214307\r\nNúmero de proyecto 10554', 'Fecha ingreso 09/12/2021\r\nNúmero orden 214307\r\nNúmero de proyecto 10554', '1', '0', '0', '0', '0', '2022-03-11 11:18:32', NULL, 4, NULL),
(144, 143, 146, 220503, 11487, 'N', '161,117 km', '1.00', 'Fecha ingreso 19/02/2022\r\nNúmero orden 220503\r\nNúmero de proyecto 11127', 'Fecha ingreso 19/02/2022\r\nNúmero orden 220503\r\nNúmero de proyecto 11127', 'Fecha ingreso 19/02/2022\r\nNúmero orden 220503\r\nNúmero de proyecto 11127', '1', '0', '0', '0', '0', '2022-03-11 11:22:25', NULL, 4, NULL),
(145, 144, 147, 220519, 11488, 'GR', '88,352 km', '1.00', 'Fecha ingreso 02/02/2022\r\nNúmero orden 220519\r\nNúmero de proyecto 11144', 'Fecha ingreso 02/02/2022\r\nNúmero orden 220519\r\nNúmero de proyecto 11144', 'Fecha ingreso 02/02/2022\r\nNúmero orden 220519\r\nNúmero de proyecto 11144', '1', '0', '0', '0', '0', '2022-03-11 11:39:18', NULL, 4, NULL),
(146, 145, 149, 221044, 11489, 'GR', '80,745 km', '1.00', '-', 'Revisar transmisión automática', '-', '1', '0', '0', '0', '0', '2022-03-11 11:44:00', NULL, 3, NULL),
(147, 146, 148, 212439, 11489, 'GR', '115,650 km', '1.00', 'Fecha ingreso 04/08/2021\r\nNúmero orden 212439\r\nNúmero de proyecto 9641', 'Fecha ingreso 04/08/2021\r\nNúmero orden 212439\r\nNúmero de proyecto 9641', 'Fecha ingreso 04/08/2021\r\nNúmero orden 212439\r\nNúmero de proyecto 9641', '1', '0', '0', '0', '0', '2022-03-11 11:45:02', NULL, 4, NULL),
(148, 147, 150, 214513, 11491, 'GR', '143,505 km', '1.00', 'Fecha ingreso 09/11/2021\r\nNúmero orden 214513\r\nNúmero de proyecto 10643\r\n', 'Fecha ingreso 09/11/2021\r\nNúmero orden 214513\r\nNúmero de proyecto 10643\r\n', 'Fecha ingreso 09/11/2021\r\nNúmero orden 214513\r\nNúmero de proyecto 10643\r\n', '1', '0', '0', '0', '0', '2022-03-11 11:51:17', NULL, 4, NULL),
(149, 148, 151, 221045, 11492, 'N', '176,635 km', '6,000.00', '-', 'Dx y empacada de transmisión automática', '-', '1', '0', '0', '0', '0', '2022-03-11 11:53:13', NULL, 3, NULL),
(150, 149, 152, 214632, 11493, 'GR', '1 km', '1.00', 'Fecha ingreso 19/11/2021\r\nNúmero orden 214632\r\nNúmero de proyecto 10698', 'Fecha ingreso 19/11/2021\r\nNúmero orden 214632\r\nNúmero de proyecto 10698', 'Fecha ingreso 19/11/2021\r\nNúmero orden 214632\r\nNúmero de proyecto 10698', '1', '0', '0', '0', '0', '2022-03-11 11:56:05', NULL, 4, NULL),
(151, 2, 3, 221046, 11494, 'N', '131,873 km', '25,000.00', '-', 'Dx y reparación de la transmisión automática', '-', '0', '1', '0', '0', '0', '2022-03-11 12:02:50', NULL, 3, NULL),
(152, 150, 153, 214617, 11495, 'GR', '1 km', '1.00', 'Fecha ingreso 17/11/2021\r\nNúmero orden 214617\r\nNúmero de proyecto 10683', 'Fecha ingreso 17/11/2021\r\nNúmero orden 214617\r\nNúmero de proyecto 10683', 'Fecha ingreso 17/11/2021\r\nNúmero orden 214617\r\nNúmero de proyecto 10683', '1', '0', '0', '0', '0', '2022-03-11 12:05:00', NULL, 4, NULL),
(153, 151, 154, 214431, 11496, 'N', '1 km', '1.00', 'Fecha ingreso 04/11/2021\r\nNúmero orden 214431\r\nNúmero de proyecto 10613\r\n', 'Fecha ingreso 04/11/2021\r\nNúmero orden 214431\r\nNúmero de proyecto 10613\r\n', 'Fecha ingreso 04/11/2021\r\nNúmero orden 214431\r\nNúmero de proyecto 10613\r\n', '1', '0', '0', '0', '0', '2022-03-11 12:09:14', NULL, 4, NULL),
(154, 152, 155, 220340, 11497, 'GR', '146,175 km', '1.00', 'Fecha ingreso 21/01/2022\r\nNúmero orden 220340\r\nNúmero de proyecto 11067', 'Fecha ingreso 21/01/2022\r\nNúmero orden 220340\r\nNúmero de proyecto 11067', 'Fecha ingreso 21/01/2022\r\nNúmero orden 220340\r\nNúmero de proyecto 11067', '1', '0', '0', '0', '0', '2022-03-11 12:16:08', NULL, 4, NULL),
(155, 153, 156, 221047, 11498, 'GR', '214,675 km', '1.00', '-', 'Revisar Transmisión automática', '-', '0', '0', '1', '0', '0', '2022-03-11 12:40:56', NULL, 3, NULL),
(156, 154, 74, 221048, 11499, 'N', '1 km', '1.00', '-', 'Revisar transmisión automática', '-', '0', '0', '1', '0', '0', '2022-03-11 12:45:29', NULL, 3, NULL),
(157, 155, 157, 221049, 11500, 'N', '141,147 km', '1,200.00', '-', 'Afinación de la transmisión automática', '-', '0', '0', '1', '0', '0', '2022-03-11 13:28:21', NULL, 3, NULL),
(158, 156, 158, 221050, 11501, 'N', '722 km', '13,000.00', '-', 'Dx y reparación de la transmisión automática', '-', '1', '0', '0', '0', '0', '2022-03-11 13:41:49', NULL, 3, NULL),
(159, 157, 159, 221051, 11502, 'N', '133,097 km', '1.00', 'Se neutraliza la transmisión', '- Revisar transmisión automática', '-', '1', '0', '0', '0', '0', '2022-03-11 13:48:28', NULL, 3, NULL),
(160, 158, 160, 220603, 11503, 'N', '1 km', '1.00', 'Fecha ingreso 08/02/2022\r\nNúmero orden 220603\r\nNúmero de proyecto 11182', 'Fecha ingreso 08/02/2022\r\nNúmero orden 220603\r\nNúmero de proyecto 11182', 'Fecha ingreso 08/02/2022\r\nNúmero orden 220603\r\nNúmero de proyecto 11182', '1', '0', '0', '0', '0', '2022-03-11 14:14:08', NULL, 4, NULL),
(161, 159, 161, 220604, 11504, 'N', '1 km', '1.00', 'Fecha ingreso 08/02/2022\r\nNúmero orden 220604\r\nNúmero de proyecto 11183', 'Fecha ingreso 08/02/2022\r\nNúmero orden 220604\r\nNúmero de proyecto 11183', 'Fecha ingreso 08/02/2022\r\nNúmero orden 220604\r\nNúmero de proyecto 11183', '1', '0', '0', '0', '0', '2022-03-11 14:20:45', NULL, 4, NULL),
(162, 2, 3, 220918, 11505, 'N', '131,873 km', '1.00', 'Fecha ingreso 01/03/2022\r\nNúmero orden 220918\r\nNúmero de proyecto 11343', 'Fecha ingreso 01/03/2022\r\nNúmero orden 220918\r\nNúmero de proyecto 11343', 'Fecha ingreso 01/03/2022\r\nNúmero orden 220918\r\nNúmero de proyecto 11343', '1', '0', '0', '0', '0', '2022-03-11 16:05:13', NULL, 4, NULL),
(163, 160, 162, 220903, 11506, 'N', '1 km', '1.00', 'Fecha ingreso 28/02/2022\r\nNúmero orden 220903\r\nNúmero de proyecto 11328', 'Fecha ingreso 28/02/2022\r\nNúmero orden 220903\r\nNúmero de proyecto 11328', 'Fecha ingreso 28/02/2022\r\nNúmero orden 220903\r\nNúmero de proyecto 11328', '1', '0', '0', '0', '0', '2022-03-11 16:11:46', NULL, 4, NULL),
(164, 161, 163, 220904, 11507, 'N', '1 km', '1.00', 'Fecha ingreso 28/02/2022\r\nNúmero orden 220904\r\nNúmero de proyecto 11329', 'Fecha ingreso 28/02/2022\r\nNúmero orden 220904\r\nNúmero de proyecto 11329', 'Fecha ingreso 28/02/2022\r\nNúmero orden 220904\r\nNúmero de proyecto 11329', '1', '0', '0', '0', '0', '2022-03-11 16:15:22', NULL, 4, NULL),
(165, 162, 164, 220906, 11508, 'N', '159,659 km', '1.00', 'Fecha ingreso 28/02/2022\r\nNúmero orden 220906\r\nNúmero de proyecto 11331\r\n', 'Fecha ingreso 28/02/2022\r\nNúmero orden 220906\r\nNúmero de proyecto 11331\r\n', 'Fecha ingreso 28/02/2022\r\nNúmero orden 220906\r\nNúmero de proyecto 11331\r\n', '1', '0', '0', '0', '0', '2022-03-11 16:23:54', NULL, 4, NULL),
(166, 163, 165, 220907, 11509, 'N', '1 km', '1.00', 'Fecha ingreso 28/02/2022\r\nNúmero orden 220907\r\nNúmero de proyecto 11332', 'Fecha ingreso 28/02/2022\r\nNúmero orden 220907\r\nNúmero de proyecto 11332', 'Fecha ingreso 28/02/2022\r\nNúmero orden 220907\r\nNúmero de proyecto 11332', '1', '0', '0', '0', '0', '2022-03-11 16:29:04', NULL, 4, NULL),
(167, 164, 166, 220911, 11510, 'N', '1 km', '1.00', 'Fecha ingreso 28/02/2022\r\nNúmero orden 220911\r\nNúmero de proyecto 11336\r\n', 'Fecha ingreso 28/02/2022\r\nNúmero orden 220911\r\nNúmero de proyecto 11336\r\n', 'Fecha ingreso 28/02/2022\r\nNúmero orden 220911\r\nNúmero de proyecto 11336\r\n', '1', '0', '0', '0', '0', '2022-03-11 16:33:33', NULL, 4, NULL),
(168, 165, 167, 220910, 11511, 'N', '79,677 km', '1.00', 'Fecha ingreso 28/02/2022\r\nNúmero orden 220910\r\nNúmero de proyecto 11335', 'Fecha ingreso 28/02/2022\r\nNúmero orden 220910\r\nNúmero de proyecto 11335', 'Fecha ingreso 28/02/2022\r\nNúmero orden 220910\r\nNúmero de proyecto 11335', '1', '0', '0', '0', '0', '2022-03-11 16:37:35', NULL, 4, NULL),
(169, 166, 168, 220909, 11512, 'N', '1 km', '1.00', 'Fecha ingreso 28/02/2022\r\nNúmero orden 220909\r\nNúmero de proyecto 11334', 'Fecha ingreso 28/02/2022\r\nNúmero orden 220909\r\nNúmero de proyecto 11334', 'Fecha ingreso 28/02/2022\r\nNúmero orden 220909\r\nNúmero de proyecto 11334', '1', '0', '0', '0', '0', '2022-03-11 16:41:32', NULL, 4, NULL),
(170, 167, 169, 220913, 11513, 'N', '1 km', '1.00', 'Fecha ingreso 28/02/2022\r\nNúmero orden 220913\r\nNúmero de proyecto 11338', 'Fecha ingreso 28/02/2022\r\nNúmero orden 220913\r\nNúmero de proyecto 11338', 'Fecha ingreso 28/02/2022\r\nNúmero orden 220913\r\nNúmero de proyecto 11338', '1', '0', '0', '0', '0', '2022-03-11 16:45:28', NULL, 4, NULL),
(171, 168, 170, 220152, 11514, 'N', '140,845 km', '10,000.00', '- no camina', 'Dx y reparación de la transmisión automática', '-', '1', '0', '0', '0', '0', '2022-03-11 16:46:45', NULL, 3, NULL),
(172, 169, 171, 220801, 11515, 'N', '1 km', '1.00', 'Fecha ingreso 21/02/2022\r\nNúmero orden 220801\r\nNúmero de proyecto 11273', 'Fecha ingreso 21/02/2022\r\nNúmero orden 220801\r\nNúmero de proyecto 11273', 'Fecha ingreso 21/02/2022\r\nNúmero orden 220801\r\nNúmero de proyecto 11273', '1', '0', '0', '0', '0', '2022-03-11 17:07:47', NULL, 4, NULL),
(173, 170, 172, 220803, 11516, 'N', '1 km', '1.00', 'Fecha ingreso 21/02/2022\r\nNúmero orden 220803\r\nNúmero de proyecto 11275\r\n', 'Fecha ingreso 21/02/2022\r\nNúmero orden 220803\r\nNúmero de proyecto 11275\r\n', 'Fecha ingreso 21/02/2022\r\nNúmero orden 220803\r\nNúmero de proyecto 11275\r\n', '1', '0', '0', '0', '0', '2022-03-11 17:11:32', NULL, 4, NULL),
(174, 171, 173, 220805, 11517, 'N', '1 km', '1.00', 'Fecha ingreso 21/02/2022\r\nNúmero orden 220805\r\nNúmero de proyecto 11278', 'Fecha ingreso 21/02/2022\r\nNúmero orden 220805\r\nNúmero de proyecto 11278', 'Fecha ingreso 21/02/2022\r\nNúmero orden 220805\r\nNúmero de proyecto 11278', '1', '0', '0', '0', '0', '2022-03-11 17:15:44', NULL, 4, NULL),
(175, 172, 174, 220806, 11518, 'N', '1 km', '1.00', 'Fecha ingreso 21/02/2022\r\nNúmero orden 220806\r\nNúmero de proyecto 11279', 'Fecha ingreso 21/02/2022\r\nNúmero orden 220806\r\nNúmero de proyecto 11279', 'Fecha ingreso 21/02/2022\r\nNúmero orden 220806\r\nNúmero de proyecto 11279', '1', '0', '0', '0', '0', '2022-03-11 17:19:07', NULL, 4, NULL);


CREATE TABLE `registroalta` (
  `id_regAlta` int(11) NOT NULL,
  `folioRegAlta` varchar(25) COLLATE utf8mb4_spanish_ci NOT NULL,
  `id_proyecto` int(11) NOT NULL,
  `id_link` int(11) NOT NULL,
  `observAudiFinal` varchar(300) COLLATE utf8mb4_spanish_ci NOT NULL DEFAULT '--',
  `borrado` char(1) COLLATE utf8mb4_spanish_ci NOT NULL DEFAULT '0',
  `status` varchar(30) COLLATE utf8mb4_spanish_ci NOT NULL DEFAULT 'Activo',
  `fecha_creacion` datetime DEFAULT NULL,
  `fecha_borrado` datetime DEFAULT NULL,
  `id_capC` int(11) DEFAULT NULL,
  `id_capB` int(11) DEFAULT 0
) ENGINE=InnoDB DEFAULT CHARSET=utf8mb4 COLLATE=utf8mb4_spanish_ci;


INSERT INTO `registroalta` (`id_regAlta`, `folioRegAlta`, `id_proyecto`, `id_link`, `observAudiFinal`, `borrado`, `status`, `fecha_creacion`, `fecha_borrado`, `id_capC`, `id_capB`) VALUES
(2, 'Alta-003', 27, 2, '.', '0', 'Activo', '2022-03-10 13:46:43', NULL, 6, NULL),
(3, 'Alta-004', 34, 3, '.', '0', 'Activo', '2022-03-10 13:50:31', NULL, 6, NULL),
(4, 'Alta-005', 24, 4, '.', '0', 'Activo', '2022-03-10 14:04:36', NULL, 6, NULL),
(5, 'Alta-006', 30, 5, '.', '0', 'Activo', '2022-03-10 17:19:54', NULL, 6, NULL),
(6, 'Alta-007', 40, 6, '.', '0', 'Activo', '2022-03-10 17:23:45', NULL, 6, NULL),
(7, 'Alta-008', 53, 7, '.', '0', 'Activo', '2022-03-10 17:25:23', NULL, 6, NULL),
(8, 'Alta-009', 4, 8, '.', '0', 'Activo', '2022-03-10 17:27:25', NULL, 6, NULL),
(9, 'Alta-0010', 67, 9, '.', '0', 'Activo', '2022-03-10 17:28:26', NULL, 6, NULL),
(10, 'Alta-0011', 133, 10, '.', '0', 'Activo', '2022-03-11 09:42:53', NULL, 6, NULL),
(11, 'Alta-0012', 132, 11, '.', '0', 'Activo', '2022-03-11 09:46:41', NULL, 6, NULL),
(12, 'Alta-0013', 130, 12, '.\r\n', '0', 'Activo', '2022-03-11 09:49:12', NULL, 6, NULL),
(13, 'Alta-0014', 129, 13, '.', '0', 'Activo', '2022-03-11 09:51:53', NULL, 6, NULL),
(14, 'Alta-0015', 128, 14, '.', '0', 'Activo', '2022-03-11 09:52:59', NULL, 6, NULL),
(15, 'Alta-0016', 135, 15, '.', '0', 'Activo', '2022-03-11 10:53:47', NULL, 6, NULL),
(16, 'Alta-0017', 127, 16, '.', '0', 'Activo', '2022-03-11 10:56:07', NULL, 6, NULL),
(17, 'Alta-0018', 156, 17, 'revisar computadora módulo tcm', '0', 'Activo', '2022-03-11 17:12:38', NULL, 6, 0),
(18, 'Alta-0019', 70, 18, '.', '0', 'Activo', '2022-03-11 17:15:57', NULL, 6, 0),
(19, 'Alta-0020', 155, 19, '.', '0', 'Activo', '2022-03-11 17:24:50', NULL, 6, 0),
(20, 'Alta-0021', 157, 20, '.', '0', 'Activo', '2022-03-11 17:51:32', NULL, 6, 0),
(21, 'Alta-0022', 120, 21, '.', '0', 'Activo', '2022-03-11 18:00:53', NULL, 6, 0);


CREATE TABLE `registroaltabitacora` (
  `id_regAlta` int(11) NOT NULL,
  `folioRegAlta` varchar(25) COLLATE utf8mb4_spanish_ci NOT NULL,
  `id_proyecto` int(11) NOT NULL,
  `id_link` int(11) NOT NULL,
  `observAudiFinal` varchar(300) COLLATE utf8mb4_spanish_ci NOT NULL DEFAULT '--',
  `borrado` char(1) COLLATE utf8mb4_spanish_ci NOT NULL DEFAULT '0',
  `status` varchar(20) COLLATE utf8mb4_spanish_ci NOT NULL DEFAULT 'Activo',
  `fecha_creacion` datetime DEFAULT NULL,
  `fecha_borrado` datetime DEFAULT NULL,
  `id_capC` int(11) DEFAULT NULL,
  `id_capB` int(11) DEFAULT 0
) ENGINE=InnoDB DEFAULT CHARSET=utf8mb4 COLLATE=utf8mb4_spanish_ci;


INSERT INTO `registroaltabitacora` (`id_regAlta`, `folioRegAlta`, `id_proyecto`, `id_link`, `observAudiFinal`, `borrado`, `status`, `fecha_creacion`, `fecha_borrado`, `id_capC`, `id_capB`) VALUES
(1, '0', 0, 0, '', '', 'Main', '2022-01-01 00:00:00', NULL, 1, NULL),
(3, 'Alta-003', 27, 2, '.', '0', 'Activo', '2022-03-10 13:46:43', NULL, 6, NULL),
(4, 'Alta-004', 34, 3, '.', '0', 'Activo', '2022-03-10 13:50:31', NULL, 6, NULL),
(5, 'Alta-005', 24, 4, '.', '0', 'Activo', '2022-03-10 14:04:36', NULL, 6, NULL),
(6, 'Alta-006', 30, 5, '.', '0', 'Activo', '2022-03-10 17:19:54', NULL, 6, NULL),
(7, 'Alta-007', 40, 6, '.', '0', 'Activo', '2022-03-10 17:23:45', NULL, 6, NULL),
(8, 'Alta-008', 53, 7, '.', '0', 'Activo', '2022-03-10 17:25:23', NULL, 6, NULL),
(9, 'Alta-009', 4, 8, '.', '0', 'Activo', '2022-03-10 17:27:25', NULL, 6, NULL),
(10, 'Alta-0010', 67, 9, '.', '0', 'Activo', '2022-03-10 17:28:26', NULL, 6, NULL),
(11, 'Alta-0011', 133, 10, '.', '0', 'Activo', '2022-03-11 09:42:53', NULL, 6, NULL),
(12, 'Alta-0012', 132, 11, '.', '0', 'Activo', '2022-03-11 09:46:41', NULL, 6, NULL),
(13, 'Alta-0013', 130, 12, '.\r\n', '0', 'Activo', '2022-03-11 09:49:12', NULL, 6, NULL),
(14, 'Alta-0014', 129, 13, '.', '0', 'Activo', '2022-03-11 09:51:53', NULL, 6, NULL),
(15, 'Alta-0015', 128, 14, '.', '0', 'Activo', '2022-03-11 09:52:59', NULL, 6, NULL),
(16, 'Alta-0016', 135, 15, '.', '0', 'Activo', '2022-03-11 10:53:47', NULL, 6, NULL),
(17, 'Alta-0017', 127, 16, '.', '0', 'Activo', '2022-03-11 10:56:07', NULL, 6, NULL),
(18, 'Alta-0018', 156, 17, 'revisar computadora módulo tcm', '0', 'Activo', '2022-03-11 17:12:38', NULL, 6, 0),
(19, 'Alta-0019', 70, 18, '.', '0', 'Activo', '2022-03-11 17:15:57', NULL, 6, 0),
(20, 'Alta-0020', 155, 19, '.', '0', 'Activo', '2022-03-11 17:24:50', NULL, 6, 0),
(21, 'Alta-0021', 157, 20, '.', '0', 'Activo', '2022-03-11 17:51:32', NULL, 6, 0),
(22, 'Alta-0022', 120, 21, '.', '0', 'Activo', '2022-03-11 18:00:53', NULL, 6, 0);


CREATE TABLE `registrocodidenti` (
  `id_regcodidenti` int(11) NOT NULL,
  `id_proyecto` int(11) NOT NULL,
  `valorCobro` varchar(12) NOT NULL,
  `codIdentificador` varchar(50) NOT NULL,
  `id_semanaCobro` int(11) NOT NULL,
  `borrado` char(1) DEFAULT '0',
  `status` varchar(47) DEFAULT 'Activo',
  `supervisado` char(1) NOT NULL DEFAULT '0',
  `fecha_creacion` datetime DEFAULT NULL,
  `fecha_borrado` datetime DEFAULT NULL,
  `id_capC` int(11) DEFAULT NULL,
  `id_capB` int(11) DEFAULT 0
) ENGINE=InnoDB DEFAULT CHARSET=utf8;


CREATE TABLE `registrocodidentibitacora` (
  `id_regcodidenti` int(11) NOT NULL,
  `id_proyecto` int(11) NOT NULL,
  `valorCobro` varchar(12) NOT NULL,
  `codIdentificador` varchar(50) NOT NULL,
  `id_semanaCobro` int(11) NOT NULL,
  `borrado` char(1) DEFAULT '0',
  `status` varchar(47) DEFAULT 'Activo',
  `supervisado` char(1) NOT NULL DEFAULT '',
  `fecha_creacion` datetime DEFAULT NULL,
  `fecha_borrado` datetime DEFAULT NULL,
  `id_capC` int(11) DEFAULT NULL,
  `id_capB` int(11) DEFAULT 0
) ENGINE=InnoDB DEFAULT CHARSET=utf8;

CREATE TABLE `registrosolicitud` (
  `id_regSolicitud` int(11) NOT NULL,
  `folioRegSolicitud` varchar(25) COLLATE utf8mb4_spanish_ci NOT NULL,
  `id_proyecto` int(11) NOT NULL,
  `valorVentaAlta` varchar(12) COLLATE utf8mb4_spanish_ci NOT NULL,
  `id_semana` int(11) NOT NULL,
  `inspecCalidad` text COLLATE utf8mb4_spanish_ci NOT NULL DEFAULT '--',
  `observCliente` text COLLATE utf8mb4_spanish_ci NOT NULL DEFAULT '--',
  `borrado` char(1) COLLATE utf8mb4_spanish_ci NOT NULL DEFAULT '0',
  `status` varchar(20) COLLATE utf8mb4_spanish_ci NOT NULL DEFAULT 'Activo',
  `fecha_creacion` datetime DEFAULT NULL,
  `fecha_borrado` datetime DEFAULT NULL,
  `id_capC` int(11) DEFAULT NULL,
  `id_capB` int(11) DEFAULT NULL
) ENGINE=InnoDB DEFAULT CHARSET=utf8mb4 COLLATE=utf8mb4_spanish_ci;

INSERT INTO `registrosolicitud` (`id_regSolicitud`, `folioRegSolicitud`, `id_proyecto`, `valorVentaAlta`, `id_semana`, `inspecCalidad`, `observCliente`, `borrado`, `status`, `fecha_creacion`, `fecha_borrado`, `id_capC`, `id_capB`) VALUES
(2, 'Solicitud_Alta-002', 24, '1,400.00', 2, 'Servicio Afinación', '.', '0', 'Activo', '2022-03-10 12:50:13', NULL, 7, NULL),
(3, 'Solicitud_Alta-003', 30, '1,900.00', 2, 'Afinacion', '.', '0', 'Activo', '2022-03-10 12:51:59', NULL, 7, NULL),
(4, 'Solicitud_Alta-004', 34, '1,400.00', 2, 'Afinación', '.', '0', 'Activo', '2022-03-10 12:54:26', NULL, 7, NULL),
(5, 'Solicitud_Alta-005', 27, '1.00', 2, '$1,700.00 DE GRUA NADA MAS', '.', '0', 'Activo', '2022-03-10 13:02:40', NULL, 7, NULL),
(6, 'Solicitud_Alta-006', 4, '13,000.00', 2, '* Sopletear las líneas de enfriamiento.\r\n* Revisar chicote de la sobre marcha\r\n', '.', '0', 'Activo', '2022-03-10 13:15:36', NULL, 7, NULL),
(7, 'Solicitud_Alta-007', 40, '650.00', 2, 'Afinacion', '.', '0', 'Activo', '2022-03-10 15:25:18', NULL, 7, NULL),
(8, 'Solicitud_Alta-008', 53, '1,400.00', 2, 'Afinación', '.', '0', 'Activo', '2022-03-10 15:27:52', NULL, 7, NULL),
(9, 'Solicitud_Alta-009', 67, '1,400.00', 2, 'Afinación', '.', '0', 'Activo', '2022-03-10 15:37:00', NULL, 7, NULL),
(10, 'Solicitud_Alta-0010', 133, '11,500.00', 2, '*Suspensión\r\n*Soportes\r\n*Falla de motor\r\n*Alineación\r\n\r\n\r\n*Dagoberto/Alex\r\n', '*Suspensión\r\n*Soportes\r\n*Falla de motor\r\n*Alineación', '0', 'Activo', '2022-03-10 17:23:20', NULL, 7, NULL),
(11, 'Solicitud_Alta-0011', 132, '1.00', 2, 'Garantía\r\n\r\n', '*Suspensión\r\n*Fuga de motor\r\n\r\nRevisión de fugas y transmisión', '0', 'Activo', '2022-03-10 17:27:46', NULL, 7, NULL),
(12, 'Solicitud_Alta-0012', 127, '25,000.00', 2, 'Andrés/Gilberto', '*Alineación\r\n*Suspensión', '0', 'Activo', '2022-03-10 17:31:58', NULL, 7, NULL),
(13, 'Solicitud_Alta-0013', 130, '10,000.00', 2, 'Andrés/Héctor', '*Flecha\r\n*Fuga de  motor', '0', 'Activo', '2022-03-10 17:36:16', NULL, 7, NULL),
(14, 'Solicitud_Alta-0014', 129, '15,000.00', 2, 'Juan/Chuy', '*Fuga aceite de motor\r\n*Códigos de motor\r\n*Flecha Yugo diferencial\r\n*Suspensión\r\n*Soportes\r\n\r\nExtra de $2,000.00', '0', 'Activo', '2022-03-10 17:41:55', NULL, 7, NULL),
(15, 'Solicitud_Alta-0015', 128, '13,000.00', 2, '*No hay comunicación\r\nCarta\r\nAndres/ Alex', '*Suspensión y soportes\r\n*Revisar Instalación eléctrica\r\n*No hay comunicación', '0', 'Activo', '2022-03-10 17:51:45', NULL, 7, NULL),
(16, 'Solicitud_Alta-0016', 135, '13,000.00', 2, '*Suspensión\r\n*Soportes\r\n*Falla Motor\r\n*Alineación', '*Suspensión\r\n*Soportes\r\n*Falla Motor\r\n*Alineación', '0', 'Activo', '2022-03-11 10:47:47', NULL, 7, NULL),
(17, 'Solicitud_Alta-0017', 155, '1.00', 2, 'Zumba diferencial', 'Cambio de turbina', '0', 'Activo', '2022-03-11 13:00:19', NULL, 7, NULL),
(18, 'Solicitud_Alta-0018', 151, '25,000.00', 2, 'Andrés/Gilberto', 'Cortesía servicio al año o 20,000 kms ', '0', 'Activo', '2022-03-11 13:03:28', NULL, 7, NULL),
(19, 'Solicitud_Alta-0019', 156, '1.00', 2, 'Revisar Computadora no hay comunicación', 'Revisar Computadora no hay comunicación', '0', 'Activo', '2022-03-11 13:07:39', NULL, 7, NULL),
(20, 'Solicitud_Alta-0020', 70, '3,000.00', 2, 'Orden cancelada', '*Solo paga grúa', '0', 'Activo', '2022-03-11 13:22:02', NULL, 7, NULL),
(22, 'Solicitud_Alta-0021', 157, '1,200.00', 2, 'Afinación', 'Proximo servicio 20,000 kms o un año', '0', 'Activo', '2022-03-11 17:31:16', NULL, 7, NULL),
(23, 'Solicitud_Alta-0022', 120, '1,600.00', 2, 'Afinación', 'Proximo servicio 20,000 kms o un año', '0', 'Activo', '2022-03-11 17:43:32', NULL, 7, NULL);

CREATE TABLE `registrosolicitudbitacora` (
  `id_regSolicitud` int(11) NOT NULL,
  `folioRegSolicitud` varchar(25) COLLATE utf8mb4_spanish_ci NOT NULL,
  `id_proyecto` int(11) NOT NULL,
  `valorVentaAlta` varchar(12) COLLATE utf8mb4_spanish_ci NOT NULL,
  `id_semana` int(11) NOT NULL,
  `inspecCalidad` text COLLATE utf8mb4_spanish_ci NOT NULL DEFAULT '--',
  `observCliente` text COLLATE utf8mb4_spanish_ci NOT NULL DEFAULT '--',
  `borrado` char(1) COLLATE utf8mb4_spanish_ci NOT NULL DEFAULT '0',
  `status` varchar(40) COLLATE utf8mb4_spanish_ci NOT NULL DEFAULT 'Activo',
  `fecha_creacion` datetime DEFAULT NULL,
  `fecha_borrado` datetime DEFAULT NULL,
  `id_capC` int(11) DEFAULT 0,
  `id_capB` int(11) DEFAULT NULL
) ENGINE=InnoDB DEFAULT CHARSET=utf8mb4 COLLATE=utf8mb4_spanish_ci;

INSERT INTO `registrosolicitudbitacora` (`id_regSolicitud`, `folioRegSolicitud`, `id_proyecto`, `valorVentaAlta`, `id_semana`, `inspecCalidad`, `observCliente`, `borrado`, `status`, `fecha_creacion`, `fecha_borrado`, `id_capC`, `id_capB`) VALUES
(1, '0', 0, '0', 0, '--', '--', '0', '0', '2022-03-08 09:00:00', '2022-03-08 09:00:00', NULL, 0),
(2, 'Solicitud_Alta-002', 24, '1,400.00', 2, 'Servicio Afinación', '.', '0', 'Activo', '2022-03-10 12:50:13', NULL, 7, NULL),
(3, 'Solicitud_Alta-003', 30, '1,900.00', 2, 'Afinacion', '.', '0', 'Activo', '2022-03-10 12:51:59', NULL, 7, NULL),
(4, 'Solicitud_Alta-004', 34, '1,400.00', 2, 'Afinación', '.', '0', 'Activo', '2022-03-10 12:54:26', NULL, 7, NULL),
(5, 'Solicitud_Alta-005', 27, '1.00', 2, '$1,700.00 DE GRUA NADA MAS', '.', '0', 'Activo', '2022-03-10 13:02:40', NULL, 7, NULL),
(6, 'Solicitud_Alta-006', 4, '13,000.00', 2, '* Sopletear las líneas de enfriamiento.\r\n* Revisar chicote de la sobre marcha\r\n', '.', '0', 'Activo', '2022-03-10 13:15:36', NULL, 7, NULL),
(7, 'Solicitud_Alta-007', 40, '650.00', 2, 'Afinacion', '.', '0', 'Activo', '2022-03-10 15:25:18', NULL, 7, NULL),
(8, 'Solicitud_Alta-008', 53, '1,400.00', 2, 'Afinación', '.', '0', 'Activo', '2022-03-10 15:27:52', NULL, 7, NULL),
(9, 'Solicitud_Alta-009', 67, '1,400.00', 2, 'Afinación', '.', '0', 'Activo', '2022-03-10 15:37:00', NULL, 7, NULL),
(10, 'Solicitud_Alta-0010', 133, '11,500.00', 2, '*Suspensión\r\n*Soportes\r\n*Falla de motor\r\n*Alineación\r\n\r\n\r\n*Dagoberto/Alex\r\n', '*Suspensión\r\n*Soportes\r\n*Falla de motor\r\n*Alineación', '0', 'Activo', '2022-03-10 17:23:20', NULL, 7, NULL),
(11, 'Solicitud_Alta-0011', 132, '1.00', 2, 'Garantía\r\n\r\n', '*Suspensión\r\n*Fuga de motor\r\n\r\nRevisión de fugas y transmisión', '0', 'Activo', '2022-03-10 17:27:46', NULL, 7, NULL),
(12, 'Solicitud_Alta-0012', 127, '25,000.00', 2, 'Andrés/Gilberto', '*Alineación\r\n*Suspensión', '0', 'Activo', '2022-03-10 17:31:58', NULL, 7, NULL),
(13, 'Solicitud_Alta-0013', 130, '10,000.00', 2, 'Andrés/Héctor', '*Flecha\r\n*Fuga de  motor', '0', 'Activo', '2022-03-10 17:36:16', NULL, 7, NULL),
(14, 'Solicitud_Alta-0014', 129, '15,000.00', 2, 'Juan/Chuy', '*Fuga aceite de motor\r\n*Códigos de motor\r\n*Flecha Yugo diferencial\r\n*Suspensión\r\n*Soportes\r\n\r\nExtra de $2,000.00', '0', 'Activo', '2022-03-10 17:41:55', NULL, 7, NULL),
(15, 'Solicitud_Alta-0015', 128, '13,000.00', 2, '*No hay comunicación\r\nCarta\r\nAndres/ Alex', '*Suspensión y soportes\r\n*Revisar Instalación eléctrica\r\n*No hay comunicación', '0', 'Activo', '2022-03-10 17:51:45', NULL, 7, NULL),
(16, 'Solicitud_Alta-0016', 135, '13,000.00', 2, '*Suspensión\r\n*Soportes\r\n*Falla Motor\r\n*Alineación', '*Suspensión\r\n*Soportes\r\n*Falla Motor\r\n*Alineación', '0', 'Activo', '2022-03-11 10:47:47', NULL, 7, NULL),
(17, 'Solicitud_Alta-0017', 155, '1.00', 2, 'Zumba diferencial', 'Cambio de turbina', '0', 'Activo', '2022-03-11 13:00:19', NULL, 7, NULL),
(18, 'Solicitud_Alta-0018', 151, '25,000.00', 2, 'Andrés/Gilberto', 'Cortesía servicio al año o 20,000 kms ', '0', 'Activo', '2022-03-11 13:03:28', NULL, 7, NULL),
(19, 'Solicitud_Alta-0019', 156, '1.00', 2, 'Revisar Computadora no hay comunicación', 'Revisar Computadora no hay comunicación', '0', 'Activo', '2022-03-11 13:07:39', NULL, 7, NULL),
(20, 'Solicitud_Alta-0020', 70, '3,000.00', 2, 'Orden cancelada', '*Solo paga grúa', '0', 'Activo', '2022-03-11 13:22:02', NULL, 7, NULL),
(21, 'Solicitud_Alta-0021', 157, '1,200.00', 2, 'Afinación', 'Proximo servicio 20,000 kms o un año', '0', 'Activo', '2022-03-11 17:31:16', NULL, 7, NULL),
(22, 'Solicitud_Alta-0022', 120, '1,600.00', 2, 'Afinación', 'Proximo servicio 20,000 kms o un año', '0', 'Activo', '2022-03-11 17:43:32', NULL, 7, NULL);


CREATE TABLE `semanas` (
  `id_semana` int(11) NOT NULL,
  `semana` varchar(7) COLLATE utf8mb4_spanish_ci NOT NULL,
  `fecha_creacion` datetime DEFAULT NULL,
  `fecha_mod` datetime DEFAULT NULL,
  `id_capC` int(11) DEFAULT NULL,
  `id_capM` int(11) DEFAULT NULL
) ENGINE=InnoDB DEFAULT CHARSET=utf8mb4 COLLATE=utf8mb4_spanish_ci;

INSERT INTO `semanas` (`id_semana`, `semana`, `fecha_creacion`, `fecha_mod`, `id_capC`, `id_capM`) VALUES
(2, '2022-10', '2022-03-10 12:46:48', NULL, 2, NULL);

CREATE TABLE `semanascobro` (
  `id_semanaCobro` int(11) NOT NULL,
  `semanaCobro` varchar(7) COLLATE utf8mb4_spanish_ci NOT NULL,
  `fecha_creacion` datetime DEFAULT NULL,
  `fecha_mod` datetime DEFAULT NULL,
  `id_capC` int(11) DEFAULT NULL,
  `id_capM` int(11) DEFAULT NULL
) ENGINE=InnoDB DEFAULT CHARSET=utf8mb4 COLLATE=utf8mb4_spanish_ci;


INSERT INTO `semanascobro` (`id_semanaCobro`, `semanaCobro`, `fecha_creacion`, `fecha_mod`, `id_capC`, `id_capM`) VALUES
(1, '2000-00', '2022-03-12 04:04:16', NULL, 2, NULL);

CREATE TABLE `supervisado` (
  `id_supervisado` int(11) NOT NULL,
  `id_regcodidenti` int(11) NOT NULL,
  `id_proyecto` int(11) NOT NULL,
  `supervisado` char(1) DEFAULT NULL,
  `fecha_creacion` datetime DEFAULT NULL,
  `borradoFechaSupervisado` datetime DEFAULT NULL,
  `id_capC` int(11) NOT NULL,
  `id_capB` int(11) DEFAULT NULL
) ENGINE=InnoDB DEFAULT CHARSET=utf8;


INSERT INTO `supervisado` (`id_supervisado`, `id_regcodidenti`, `id_proyecto`, `supervisado`, `fecha_creacion`, `borradoFechaSupervisado`, `id_capC`, `id_capB`) VALUES
(1, 1, 4, '0', '2022-03-12 04:05:25', '2022-03-12 04:07:14', 2, 2);

CREATE TABLE `usuarios` (
  `id_usuario` int(11) NOT NULL,
  `nombres` varchar(40) COLLATE utf8mb4_spanish_ci NOT NULL,
  `aPaterno` varchar(30) COLLATE utf8mb4_spanish_ci NOT NULL,
  `aMaterno` varchar(30) COLLATE utf8mb4_spanish_ci NOT NULL,
  `usuario` varchar(30) COLLATE utf8mb4_spanish_ci NOT NULL,
  `email` varchar(50) COLLATE utf8mb4_spanish_ci NOT NULL,
  `tel` varchar(14) COLLATE utf8mb4_spanish_ci NOT NULL,
  `pass` varchar(32) COLLATE utf8mb4_spanish_ci DEFAULT 'SIN_PASSWORD',
  `admin` char(1) COLLATE utf8mb4_spanish_ci DEFAULT '0',
  `eliminado` char(1) COLLATE utf8mb4_spanish_ci DEFAULT '0',
  `fecha_eliminado` datetime DEFAULT NULL,
  `fecha_creacion` datetime DEFAULT NULL,
  `fecha_mod` datetime DEFAULT NULL,
  `id_captC` int(11) DEFAULT 0,
  `id_captM` int(11) DEFAULT 0,
  `estatus` varchar(7) COLLATE utf8mb4_spanish_ci DEFAULT 'offline',
  `super` tinyint(1) DEFAULT 0
) ENGINE=InnoDB DEFAULT CHARSET=utf8mb4 COLLATE=utf8mb4_spanish_ci;

INSERT INTO `usuarios` (`id_usuario`, `nombres`, `aPaterno`, `aMaterno`, `usuario`, `email`, `tel`, `pass`, `admin`, `eliminado`, `fecha_eliminado`, `fecha_creacion`, `fecha_mod`, `id_captC`, `id_captM`, `estatus`, `super`) VALUES
(1, 'Jose Uriel', 'Guerra', 'Trinidad', 'super', 'a@a.com', '2212096482', 'admin', '1', '0', NULL, '2022-02-27 21:27:25', '2022-02-27 21:27:25', 1, 0, 'offline', 1),
(2, 'Sebastian', 'Ortiz', 'Lomeli', 'admin', 'a@a.a', '(000) 000-0000', 'admin', '1', '0', NULL, '0000-00-00 00:00:00', '0000-00-00 00:00:00', 1, 0, 'Online', 1),
(3, 'Fatima', 'Ocegueda', 'Ramirez', 'fatima_ocegueda', 'servicio.ortiz.trans@gmail.com', '(333) 333-3333', 'fatimaservicio87', '0', '0', NULL, '2022-03-01 11:52:28', '2022-03-01 11:57:26', 2, 2, 'Online', 0),
(4, 'Jessica', 'Ruiz', 'Hernández', 'jessica_ruiz', 'jessicarz.jsol@gmail.com', '(333) 333-3333', 'Jessica1910', '0', '0', NULL, '2022-03-05 11:46:20', NULL, 2, 0, 'Offline', 0),
(5, 'Lucero Engracia', 'Romo', 'Salas', 'lucero_romo', 'luceroromosalas@gmail.com', '(333) 333-3333', 'vico2308', '0', '0', NULL, '2022-03-07 14:05:32', NULL, 2, 0, 'Online', 0),
(6, 'Edgar Isaac', 'Ramirez', 'Cano', 'edgar_isaac', 'isaacrmz00@gmail.com', '(333) 333-3333', 'Isaac123456', '0', '0', NULL, '2022-03-10 12:01:30', NULL, 2, 0, 'Online', 0),
(7, 'Danira', 'Vallin', 'Espinoza', 'danira_vallin', 'sayetsi666@gmail.com', '(333) 333-3333', 'DRJKVW1n9j', '0', '0', NULL, '2022-03-10 12:37:38', NULL, 2, 0, 'Online', 0);

CREATE TABLE `vehiculos` (
  `id_vehiculo` int(11) NOT NULL,
  `id_marca` int(11) NOT NULL,
  `id_modelo` int(11) NOT NULL,
  `id_anio` int(11) NOT NULL,
  `placa` varchar(10) CHARACTER SET utf8 NOT NULL,
  `id_color` int(11) NOT NULL,
  `fecha_creacion` datetime DEFAULT NULL,
  `fecha_mod` datetime DEFAULT NULL,
  `id_captC` int(11) DEFAULT 0,
  `id_captM` int(11) DEFAULT 0
) ENGINE=InnoDB DEFAULT CHARSET=utf8mb4 COLLATE=utf8mb4_spanish_ci;

INSERT INTO `vehiculos` (`id_vehiculo`, `id_marca`, `id_modelo`, `id_anio`, `placa`, `id_color`, `fecha_creacion`, `fecha_mod`, `id_captC`, `id_captM`) VALUES
(1, 5, 141, 2, 'DSFGAGDFSG', 1, '2022-03-01 12:01:53', NULL, 2, 0),
(2, 23, 96, 31, 'JLH2061', 4, '2022-03-01 15:26:24', NULL, 3, 0),
(3, 41, 340, 49, 'JPV3589', 3, '2022-03-01 15:30:00', NULL, 3, 0),
(4, 12, 120, 28, 'GZ2627C', 1, '2022-03-01 15:33:04', NULL, 3, 0),
(5, 32, 377, 39, 'JGF5890', 1, '2022-03-01 17:49:42', NULL, 3, 0),
(6, 12, 100, 31, 'JLU9198', 7, '2022-03-02 08:39:47', NULL, 3, 0),
(7, 10, 429, 25, 'SUELTA', 8, '2022-03-02 09:10:00', NULL, 3, 0),
(8, 12, 110, 38, 'JLA7025', 3, '2022-03-02 09:18:49', NULL, 3, 0),
(9, 32, 379, 35, 'JSZ5718', 1, '2022-03-02 09:34:31', NULL, 3, 0),
(10, 10, 424, 35, 'JCW4881', 3, '2022-03-02 10:19:06', NULL, 3, 0),
(11, 12, 120, 43, 'NO TRAE', 9, '2022-03-02 11:20:46', NULL, 3, 0),
(12, 16, 396, 36, 'JLN7315', 7, '2022-03-02 11:46:13', NULL, 3, 0),
(13, 7, 31, 41, 'JRT2530', 5, '2022-03-02 12:17:54', NULL, 3, 0),
(14, 12, 100, 30, 'ZGX444B', 10, '2022-03-02 15:15:43', NULL, 3, 0),
(15, 10, 431, 41, 'MHE7909', 5, '2022-03-02 16:28:13', NULL, 3, 0),
(16, 32, 379, 42, '161ZCH', 3, '2022-03-03 10:33:57', NULL, 3, 0),
(17, 12, 108, 24, 'JK71204', 3, '2022-03-03 10:46:42', NULL, 3, 0),
(18, 10, 428, 39, 'JMM2551', 2, '2022-03-03 11:06:48', NULL, 3, 0),
(19, 41, 340, 49, 'JPH-80-56', 7, '2022-03-03 11:16:32', NULL, 3, 0),
(20, 32, 379, 35, 'JHM8265', 7, '2022-03-03 13:04:04', NULL, 3, 0),
(21, 12, 114, 30, 'JR61229 ', 1, '2022-03-03 14:16:13', NULL, 3, 0),
(22, 8, 321, 31, 'JDV4204', 3, '2022-03-03 17:38:22', NULL, 3, 0),
(23, 7, 33, 25, 'JD54742 ', 1, '2022-03-04 10:43:17', NULL, 3, 0),
(24, 32, 379, 44, 'JKE8851', 7, '2022-03-04 11:25:55', NULL, 3, 0),
(25, 27, 401, 40, 'JGT7393', 1, '2022-03-04 13:15:59', NULL, 3, 0),
(26, 41, 347, 39, 'JMX1895', 7, '2022-03-04 13:23:13', NULL, 3, 0),
(27, 8, 321, 45, 'JKZ2341', 3, '2022-03-04 14:51:35', NULL, 3, 0),
(28, 7, 35, 37, 'JLE6916', 11, '2022-03-04 17:10:08', NULL, 3, 0),
(29, 12, 119, 34, 'JLG9683', 2, '2022-03-05 09:05:04', NULL, 3, 0),
(30, 23, 93, 26, 'JFL2146', 12, '2022-03-05 09:11:47', NULL, 3, 0),
(31, 27, 403, 39, 'JFU8777', 3, '2022-03-05 09:15:26', NULL, 3, 0),
(32, 12, 108, 28, 'JP25611', 3, '2022-03-05 10:05:08', NULL, 3, 0),
(33, 43, 286, 51, 'JRM6792', 7, '2022-03-05 10:59:44', '2022-03-05 11:07:19', 3, 3),
(34, 8, 320, 22, 'HZX5623', 3, '2022-03-05 12:42:06', NULL, 3, 0),
(35, 32, 370, 51, 'JRX1583', 7, '2022-03-05 12:48:45', NULL, 3, 0),
(36, 23, 99, 36, 'JGJ4563', 13, '2022-03-05 13:03:58', NULL, 3, 0),
(37, 7, 39, 35, 'JPA8291', 7, '2022-03-07 09:12:28', NULL, 3, 0),
(38, 43, 300, 38, 'L82BFU', 4, '2022-03-07 09:28:02', NULL, 3, 0),
(39, 32, 378, 41, 'JHX6424 ', 5, '2022-03-07 09:35:05', NULL, 3, 0),
(40, 16, 396, 38, 'JFY5292', 7, '2022-03-07 09:39:15', NULL, 3, 0),
(41, 12, 102, 26, 'RTF2159 ', 12, '2022-03-07 09:46:10', NULL, 3, 0),
(42, 7, 44, 23, 'JT47286', 3, '2022-03-07 10:05:07', NULL, 3, 0),
(43, 32, 369, 35, 'JHE1021', 14, '2022-03-07 10:26:30', NULL, 3, 0),
(44, 10, 429, 43, 'NVW6277 ', 3, '2022-03-07 10:44:21', NULL, 3, 0),
(45, 8, 325, 33, 'VNK7254', 3, '2022-03-07 12:12:44', NULL, 3, 0),
(46, 10, 432, 49, 'FD5742A', 3, '2022-03-07 12:46:04', NULL, 3, 0),
(47, 41, 340, 47, '8424GMJ', 3, '2022-03-07 13:09:14', NULL, 3, 0),
(48, 16, 396, 35, 'ZEB512A', 2, '2022-03-07 14:40:05', NULL, 3, 0),
(49, 43, 300, 33, 'JKC4351', 12, '2022-03-07 14:50:06', NULL, 3, 0),
(50, 7, 41, 38, 'JX48869', 3, '2022-03-07 16:22:19', NULL, 3, 0),
(51, 8, 325, 37, 'PFK480B', 12, '2022-03-07 16:46:40', NULL, 3, 0),
(52, 7, 33, 30, 'JS68953', 5, '2022-03-07 16:58:53', NULL, 4, 0),
(53, 16, 393, 31, 'JNX4887', 7, '2022-03-08 09:50:38', NULL, 3, 0),
(54, 43, 298, 22, 'HZP7035', 1, '2022-03-08 10:00:21', NULL, 3, 0),
(55, 43, 279, 39, 'JNU5989', 3, '2022-03-08 10:37:10', NULL, 3, 0),
(56, 43, 295, 39, 'HER320C', 5, '2022-03-08 13:07:48', NULL, 3, 0),
(57, 7, 30, 37, 'JLU9872', 1, '2022-03-08 15:01:06', NULL, 3, 0),
(58, 12, 102, 24, 'JFD8176', 2, '2022-03-08 15:32:57', NULL, 3, 0),
(59, 12, 110, 33, 'NDS5990', 1, '2022-03-08 16:02:32', NULL, 4, 0),
(60, 43, 300, 43, 'JKK1725 ', 1, '2022-03-08 16:08:42', NULL, 4, 0),
(61, 28, 245, 36, 'JSZ1110', 7, '2022-03-08 16:15:43', NULL, 4, 0),
(62, 32, 379, 44, 'JKP2091', 3, '2022-03-08 16:20:13', NULL, 4, 0),
(63, 4, 18, 37, 'JFX7511 ', 2, '2022-03-08 16:25:56', NULL, 4, 0),
(64, 7, 74, 25, 'JGH8154 ', 12, '2022-03-08 16:30:37', NULL, 4, 0),
(65, 8, 321, 39, 'JKX4436 ', 7, '2022-03-08 16:44:02', NULL, 4, 0),
(66, 43, 300, 34, 'JDY9345', 1, '2022-03-08 16:48:44', NULL, 4, 0),
(67, 4, 23, 35, 'HCX829E ', 9, '2022-03-08 16:54:02', NULL, 4, 0),
(68, 8, 321, 30, 'JDE7261 ', 3, '2022-03-08 17:00:39', NULL, 4, 0),
(69, 12, 102, 24, 'JKF5240 ', 12, '2022-03-09 09:22:16', NULL, 4, 0),
(70, 32, 372, 40, 'JHG3856', 4, '2022-03-09 09:24:08', NULL, 3, 0),
(71, 28, 250, 36, 'JHG5036', 7, '2022-03-09 09:27:10', NULL, 4, 0),
(72, 16, 393, 30, 'JGX8485 ', 2, '2022-03-09 09:33:05', NULL, 4, 0),
(73, 3, 1, 45, 'JPD4786', 7, '2022-03-09 09:34:43', NULL, 3, 0),
(74, 40, 227, 38, 'JER9595', 7, '2022-03-09 09:37:26', NULL, 4, 0),
(75, 43, 283, 40, 'JMK9132', 4, '2022-03-09 09:44:18', NULL, 4, 0),
(76, 7, 34, 35, 'JDT2895 ', 14, '2022-03-09 09:55:56', NULL, 4, 0),
(77, 43, 300, 34, 'JND8914', 7, '2022-03-09 09:57:15', NULL, 3, 0),
(78, 8, 318, 36, 'JKL8570 ', 2, '2022-03-09 10:00:23', NULL, 4, 0),
(79, 43, 299, 39, 'JNY3086', 1, '2022-03-09 10:05:36', NULL, 4, 0),
(80, 41, 340, 47, 'JMW9486', 4, '2022-03-09 10:05:46', NULL, 3, 0),
(81, 7, 28, 36, 'JJG6408 ', 12, '2022-03-09 10:21:32', NULL, 4, 0),
(82, 41, 338, 38, 'JPF3660 ', 12, '2022-03-09 10:26:20', NULL, 4, 0),
(83, 12, 460, 38, 'JFP7397 ', 3, '2022-03-09 10:31:09', NULL, 4, 0),
(84, 12, 102, 25, 'GHA398C', 12, '2022-03-09 10:35:31', NULL, 4, 0),
(85, 28, 250, 36, 'JSZ1110', 7, '2022-03-09 11:09:58', NULL, 4, 0),
(86, 12, 102, 30, 'JNE2870', 3, '2022-03-09 11:48:28', NULL, 4, 0),
(87, 7, 39, 44, 'JGT9751', 5, '2022-03-09 11:50:12', NULL, 3, 0),
(88, 12, 110, 39, 'GHR600D ', 7, '2022-03-09 11:52:15', NULL, 4, 0),
(89, 43, 283, 38, 'JSC3772', 14, '2022-03-09 11:56:23', NULL, 4, 0),
(90, 16, 397, 40, 'JGW5798', 7, '2022-03-09 11:57:23', NULL, 3, 0),
(91, 27, 405, 38, 'JFV9630 ', 5, '2022-03-09 12:00:27', NULL, 4, 0),
(92, 10, 423, 34, 'JHB8299 ', 1, '2022-03-09 12:04:30', NULL, 4, 0),
(93, 41, 353, 39, 'JGS5922 ', 3, '2022-03-09 12:11:14', NULL, 4, 0),
(94, 32, 370, 51, 'JRU2828 ', 1, '2022-03-09 12:19:46', NULL, 4, 0),
(95, 10, 428, 24, 'JNX5920', 12, '2022-03-09 12:39:28', NULL, 4, 0),
(96, 32, 379, 48, 'JNL2854', 1, '2022-03-09 12:48:13', NULL, 4, 0),
(97, 25, 146, 46, 'JRR1431 ', 7, '2022-03-09 12:53:28', NULL, 4, 0),
(98, 7, 31, 29, 'HYS9947 ', 4, '2022-03-09 12:53:42', NULL, 3, 0),
(99, 7, 39, 32, 'JGT9751 ', 5, '2022-03-09 14:19:58', NULL, 3, 0),
(100, 32, 377, 36, 'JKJ1922 ', 4, '2022-03-09 14:22:03', NULL, 4, 0),
(101, 12, 113, 31, '497HA', 14, '2022-03-09 14:26:49', NULL, 4, 0),
(102, 7, 54, 22, 'JN53370', 1, '2022-03-09 14:31:07', NULL, 4, 0),
(103, 7, 34, 35, 'PENDIENTES', 9, '2022-03-09 14:35:36', NULL, 4, 0),
(104, 12, 100, 31, 'JAM6721 ', 2, '2022-03-09 14:42:38', NULL, 4, 0),
(106, 37, 262, 47, 'JNU5936', 7, '2022-03-09 14:56:10', NULL, 4, 0),
(107, 30, 177, 33, 'D62BFU', 12, '2022-03-09 15:08:29', NULL, 4, 0),
(108, 32, 379, 37, 'JKT6720', 7, '2022-03-09 15:13:22', NULL, 4, 0),
(109, 7, 37, 41, 'JKE4723', 7, '2022-03-09 15:21:03', NULL, 4, 0),
(110, 32, 378, 38, 'SUELTA', 8, '2022-03-09 15:24:26', NULL, 4, 0),
(111, 43, 291, 35, '773RHB', 2, '2022-03-09 15:28:10', NULL, 4, 0),
(112, 43, 300, 45, 'JKR9516', 7, '2022-03-09 15:31:54', NULL, 4, 0),
(113, 41, 347, 38, '887URH', 2, '2022-03-09 15:35:11', NULL, 4, 0),
(114, 8, 321, 43, 'A36TKV8 ', 7, '2022-03-09 15:39:46', NULL, 4, 0),
(115, 12, 113, 38, 'JAM7309', 7, '2022-03-09 15:52:57', NULL, 3, 0),
(116, 3, 2, 39, 'JLC2520', 7, '2022-03-09 17:15:52', NULL, 3, 0),
(117, 3, 7, 43, 'JLM9742', 7, '2022-03-10 09:27:41', NULL, 3, 0),
(118, 28, 235, 34, 'JNE4689 ', 7, '2022-03-10 09:44:08', NULL, 4, 0),
(119, 32, 370, 48, 'JNW5093', 14, '2022-03-10 09:45:33', NULL, 3, 0),
(120, 12, 120, 24, 'JL29122', 12, '2022-03-10 09:53:29', NULL, 4, 0),
(121, 43, 300, 32, 'JSG7691 ', 2, '2022-03-10 09:58:29', NULL, 4, 0),
(122, 31, 191, 36, 'JSU3676 ', 5, '2022-03-10 10:06:56', NULL, 4, 0),
(123, 4, 8, 39, 'JPL4258 ', 3, '2022-03-10 10:15:09', NULL, 4, 0),
(124, 7, 34, 32, 'HZX6064', 3, '2022-03-10 10:20:01', NULL, 4, 0),
(125, 12, 102, 33, 'JSS4716', 5, '2022-03-10 12:43:57', NULL, 3, 0),
(126, 16, 392, 38, 'JFM5202', 7, '2022-03-10 15:37:14', NULL, 3, 0),
(127, 41, 340, 43, 'JKB6227', 7, '2022-03-10 15:56:58', NULL, 3, 0),
(128, 43, 287, 31, 'JNL9196', 2, '2022-03-10 16:12:16', NULL, 3, 0),
(129, 43, 300, 31, 'JNL9196', 2, '2022-03-10 16:13:12', NULL, 3, 0),
(130, 10, 429, 32, 'JT14063', 7, '2022-03-10 16:24:46', NULL, 3, 0),
(131, 7, 44, 25, 'JVY3769', 1, '2022-03-10 16:31:27', NULL, 3, 0),
(132, 12, 119, 28, 'JJA3584', 3, '2022-03-10 16:40:31', NULL, 3, 0),
(133, 32, 463, 28, 'JX17338', 1, '2022-03-10 16:52:08', NULL, 3, 0),
(134, 10, 424, 35, 'JPG1023', 3, '2022-03-10 17:06:20', NULL, 3, 0),
(135, 12, 131, 26, 'JGJ3089', 3, '2022-03-10 17:19:59', NULL, 3, 0),
(136, 12, 100, 31, 'HZM9611', 2, '2022-03-11 10:39:24', NULL, 3, 0),
(137, 12, 456, 48, 'JNX5545', 7, '2022-03-11 10:41:13', NULL, 4, 0),
(138, 27, 404, 40, 'JHF6593', 14, '2022-03-11 10:47:17', NULL, 4, 0),
(139, 16, 397, 32, 'JDP9718', 9, '2022-03-11 10:52:03', NULL, 4, 0),
(140, 12, 131, 41, 'X63APL ', 3, '2022-03-11 10:56:11', NULL, 4, 0),
(142, 12, 110, 34, 'JKL6757 ', 2, '2022-03-11 11:04:46', NULL, 4, 0),
(143, 12, 442, 28, 'JJA3584 ', 3, '2022-03-11 11:07:55', NULL, 4, 0),
(144, 23, 93, 30, 'JJK6880', 3, '2022-03-11 11:12:38', NULL, 4, 0),
(145, 12, 100, 27, 'JET4322', 12, '2022-03-11 11:15:49', NULL, 4, 0),
(146, 16, 393, 35, 'JKY7908', 2, '2022-03-11 11:19:58', NULL, 4, 0),
(147, 41, 340, 47, 'JSP1334', 3, '2022-03-11 11:37:05', NULL, 4, 0),
(148, 31, 187, 46, 'JRH2482 ', 7, '2022-03-11 11:42:42', NULL, 4, 0),
(149, 12, 120, 28, 'JX16359', 3, '2022-03-11 11:43:22', NULL, 3, 0),
(150, 12, 123, 45, 'JLN5645 ', 3, '2022-03-11 11:48:36', NULL, 4, 0),
(151, 7, 39, 26, 'JEJ4278', 2, '2022-03-11 11:52:05', NULL, 3, 0),
(152, 12, 123, 46, 'JLS3626', 1, '2022-03-11 11:53:36', NULL, 4, 0),
(153, 43, 300, 41, 'PGF887T ', 3, '2022-03-11 12:02:38', NULL, 4, 0),
(154, 41, 353, 45, 'JLA3159 ', 3, '2022-03-11 12:06:17', NULL, 4, 0),
(155, 32, 368, 37, 'JT39373', 7, '2022-03-11 12:13:00', NULL, 4, 0),
(156, 41, 353, 38, 'JDR6895', 7, '2022-03-11 12:39:06', NULL, 3, 0),
(157, 34, 203, 35, '512ZRH', 2, '2022-03-11 13:27:24', NULL, 3, 0),
(158, 12, 120, 3, 'JE57391', 5, '2022-03-11 13:40:28', NULL, 3, 0),
(159, 7, 35, 38, 'UWA105V ', 7, '2022-03-11 13:47:29', NULL, 3, 0),
(160, 43, 300, 31, 'JMP4432 ', 2, '2022-03-11 14:11:33', NULL, 4, 0),
(161, 12, 120, 28, ' JX16359 ', 3, '2022-03-11 14:15:01', NULL, 4, 0),
(162, 12, 100, 30, 'PENDIENTES', 12, '2022-03-11 16:08:17', NULL, 4, 0),
(163, 32, 379, 44, 'NRH4756', 3, '2022-03-11 16:12:42', NULL, 4, 0),
(164, 32, 374, 41, 'JKK8417 ', 3, '2022-03-11 16:21:18', NULL, 4, 0),
(165, 43, 300, 31, 'JMM1977 ', 3, '2022-03-11 16:26:09', NULL, 4, 0),
(166, 43, 283, 39, 'HBZ66ID ', 9, '2022-03-11 16:29:56', NULL, 4, 0),
(167, 12, 123, 44, 'JSZ5339 ', 9, '2022-03-11 16:34:26', NULL, 4, 0),
(168, 43, 300, 35, 'N84AWG ', 2, '2022-03-11 16:38:46', NULL, 4, 0),
(169, 16, 396, 39, 'F71BCU ', 5, '2022-03-11 16:42:28', NULL, 4, 0),
(170, 43, 300, 41, 'JLA6460', 3, '2022-03-11 16:45:38', NULL, 3, 0),
(171, 12, 102, 26, 'JFH2275', 14, '2022-03-11 17:05:06', NULL, 4, 0),
(172, 7, 28, 41, 'JHH 9238 ', 7, '2022-03-11 17:08:44', NULL, 4, 0),
(173, 16, 397, 34, '851UVM', 5, '2022-03-11 17:13:25', NULL, 4, 0),
(174, 12, 120, 23, 'JV58028 ', 3, '2022-03-11 17:16:38', NULL, 4, 0);

ALTER TABLE `agentes`
  ADD PRIMARY KEY (`id_agente`);

ALTER TABLE `anios`
  ADD PRIMARY KEY (`id_anio`);

ALTER TABLE `clientes`
  ADD PRIMARY KEY (`id_cliente`);

ALTER TABLE `colores`
  ADD PRIMARY KEY (`id_color`);

ALTER TABLE `linkvideos`
  ADD PRIMARY KEY (`id_linkVideo`);

ALTER TABLE `marcas`
  ADD PRIMARY KEY (`id_marca`);

ALTER TABLE `modelos`
  ADD PRIMARY KEY (`id_modelo`);

ALTER TABLE `modulos`
  ADD PRIMARY KEY (`id_modulo`);

ALTER TABLE `nproyectos`
  ADD PRIMARY KEY (`id_nProyecto`);

ALTER TABLE `permisos`
  ADD PRIMARY KEY (`id_permiso`);

ALTER TABLE `proyectos`
  ADD PRIMARY KEY (`id_proyecto`);

ALTER TABLE `registroalta`
  ADD PRIMARY KEY (`id_regAlta`);

ALTER TABLE `registroaltabitacora`
  ADD PRIMARY KEY (`id_regAlta`);

ALTER TABLE `registrocodidenti`
  ADD PRIMARY KEY (`id_regcodidenti`);

ALTER TABLE `registrocodidentibitacora`
  ADD PRIMARY KEY (`id_regcodidenti`);

ALTER TABLE `registrosolicitud`
  ADD PRIMARY KEY (`id_regSolicitud`);

ALTER TABLE `registrosolicitudbitacora`
  ADD PRIMARY KEY (`id_regSolicitud`);

ALTER TABLE `semanas`
  ADD PRIMARY KEY (`id_semana`);

ALTER TABLE `semanascobro`
  ADD PRIMARY KEY (`id_semanaCobro`);

ALTER TABLE `supervisado`
  ADD PRIMARY KEY (`id_supervisado`);

ALTER TABLE `usuarios`
  ADD PRIMARY KEY (`id_usuario`);

ALTER TABLE `vehiculos`
  ADD PRIMARY KEY (`id_vehiculo`);

ALTER TABLE `agentes`
  MODIFY `id_agente` int(11) NOT NULL AUTO_INCREMENT;


ALTER TABLE `anios`
  MODIFY `id_anio` int(11) NOT NULL AUTO_INCREMENT, AUTO_INCREMENT=54;

ALTER TABLE `clientes`
  MODIFY `id_cliente` int(11) NOT NULL AUTO_INCREMENT, AUTO_INCREMENT=173;

--
-- AUTO_INCREMENT de la tabla `colores`
--
ALTER TABLE `colores`
  MODIFY `id_color` int(4) NOT NULL AUTO_INCREMENT, AUTO_INCREMENT=15;

--
-- AUTO_INCREMENT de la tabla `linkvideos`
--
ALTER TABLE `linkvideos`
  MODIFY `id_linkVideo` int(11) NOT NULL AUTO_INCREMENT, AUTO_INCREMENT=22;

--
-- AUTO_INCREMENT de la tabla `marcas`
--
ALTER TABLE `marcas`
  MODIFY `id_marca` int(11) UNSIGNED NOT NULL AUTO_INCREMENT, AUTO_INCREMENT=45;

--
-- AUTO_INCREMENT de la tabla `modelos`
--
ALTER TABLE `modelos`
  MODIFY `id_modelo` int(11) NOT NULL AUTO_INCREMENT, AUTO_INCREMENT=464;

--
-- AUTO_INCREMENT de la tabla `modulos`
--
ALTER TABLE `modulos`
  MODIFY `id_modulo` int(11) NOT NULL AUTO_INCREMENT;

--
-- AUTO_INCREMENT de la tabla `nproyectos`
--
ALTER TABLE `nproyectos`
  MODIFY `id_nProyecto` int(15) NOT NULL AUTO_INCREMENT, AUTO_INCREMENT=11519;

--
-- AUTO_INCREMENT de la tabla `permisos`
--
ALTER TABLE `permisos`
  MODIFY `id_permiso` int(11) NOT NULL AUTO_INCREMENT, AUTO_INCREMENT=8;

--
-- AUTO_INCREMENT de la tabla `proyectos`
--
ALTER TABLE `proyectos`
  MODIFY `id_proyecto` int(11) NOT NULL AUTO_INCREMENT, AUTO_INCREMENT=176;

--
-- AUTO_INCREMENT de la tabla `registroalta`
--
ALTER TABLE `registroalta`
  MODIFY `id_regAlta` int(11) NOT NULL AUTO_INCREMENT, AUTO_INCREMENT=22;

--
-- AUTO_INCREMENT de la tabla `registroaltabitacora`
--
ALTER TABLE `registroaltabitacora`
  MODIFY `id_regAlta` int(11) NOT NULL AUTO_INCREMENT, AUTO_INCREMENT=23;

--
-- AUTO_INCREMENT de la tabla `registrocodidenti`
--
ALTER TABLE `registrocodidenti`
  MODIFY `id_regcodidenti` int(11) NOT NULL AUTO_INCREMENT;

--
-- AUTO_INCREMENT de la tabla `registrocodidentibitacora`
--
ALTER TABLE `registrocodidentibitacora`
  MODIFY `id_regcodidenti` int(11) NOT NULL AUTO_INCREMENT;

--
-- AUTO_INCREMENT de la tabla `registrosolicitud`
--
ALTER TABLE `registrosolicitud`
  MODIFY `id_regSolicitud` int(11) NOT NULL AUTO_INCREMENT, AUTO_INCREMENT=24;

--
-- AUTO_INCREMENT de la tabla `registrosolicitudbitacora`
--
ALTER TABLE `registrosolicitudbitacora`
  MODIFY `id_regSolicitud` int(11) NOT NULL AUTO_INCREMENT, AUTO_INCREMENT=23;

--
-- AUTO_INCREMENT de la tabla `semanas`
--
ALTER TABLE `semanas`
  MODIFY `id_semana` int(11) NOT NULL AUTO_INCREMENT, AUTO_INCREMENT=3;

--
-- AUTO_INCREMENT de la tabla `semanascobro`
--
ALTER TABLE `semanascobro`
  MODIFY `id_semanaCobro` int(11) NOT NULL AUTO_INCREMENT, AUTO_INCREMENT=2;

--
-- AUTO_INCREMENT de la tabla `supervisado`
--
ALTER TABLE `supervisado`
  MODIFY `id_supervisado` int(11) NOT NULL AUTO_INCREMENT, AUTO_INCREMENT=2;

--
-- AUTO_INCREMENT de la tabla `usuarios`
--
ALTER TABLE `usuarios`
  MODIFY `id_usuario` int(11) NOT NULL AUTO_INCREMENT, AUTO_INCREMENT=8;

--
-- AUTO_INCREMENT de la tabla `vehiculos`
--
ALTER TABLE `vehiculos`
  MODIFY `id_vehiculo` int(11) NOT NULL AUTO_INCREMENT, AUTO_INCREMENT=175;
