CREATE TABLE `anios` (
  `id_anio` int(11) NOT NULL,
  `anio` varchar(4) NOT NULL
) ENGINE=InnoDB DEFAULT CHARSET=utf8mb4;

CREATE TABLE `clientes` (
  `id_cliente` int(11)  NOT NULL,
  `nombres` varchar(40) NOT NULL,
  `aPaternoCliente` varchar(30) NOT NULL,
  `aMaternoCliente` varchar(30) NOT NULL,
  `calle` varchar(50) NOT NULL,
  `colonia` varchar(40) NOT NULL,
  `ciudad` varchar(40) NOT NULL,
  `estado` varchar(19) NOT NULL,
  `tel1` varchar(14) NOT NULL,
  `tel2` varchar(14) NOT NULL,
  `cel` varchar(14) NOT NULL,
  `email` varchar(40) NOT NULL,
  `status` char(1) NOT NULL DEFAULT '1',
  `observacion` varchar(200) DEFAULT NULL,
  `fecha_creacion` datetime DEFAULT NULL,
  `fecha_mod` datetime DEFAULT NULL,
  `id_capC` int(11) DEFAULT NULL,
  `id_capM` int(11) DEFAULT NULL
) ENGINE=InnoDB DEFAULT CHARSET=utf8mb4;

CREATE TABLE `colores` (
  `id_color` int(4) NOT NULL,
  `color` varchar(30) DEFAULT NULL,
   `fecha_creacion` datetime DEFAULT NULL,
  `fecha_mod` datetime DEFAULT NULL,
  `id_capC` int(11) DEFAULT NULL,
  `id_capM` int(11) DEFAULT NULL
) ENGINE=InnoDB DEFAULT CHARSET=utf8;

CREATE TABLE `marcas` (
  `id_marca` int(11)  NOT NULL,
  `marca` varchar(30) NOT NULL,
  `fecha_creacion` datetime DEFAULT NULL,
  `fecha_mod` datetime DEFAULT NULL,
  `id_capC` int(11) DEFAULT NULL,
  `id_capM` int(11) DEFAULT NULL
) ENGINE=InnoDB DEFAULT CHARSET=utf8mb4;

CREATE TABLE `modelos` (
  `id_modelo` int(11) NOT NULL,
  `id_marca` int(11) NOT NULL,
  `modelo` varchar(50) NOT NULL,
  `fecha_creacion` datetime DEFAULT NULL,
  `fecha_mod` datetime DEFAULT NULL,
  `id_capC` int(11) DEFAULT NULL,
  `id_capM` int(11) DEFAULT NULL
) ENGINE=InnoDB DEFAULT CHARSET=utf8mb4;

CREATE TABLE `modulos` (
  `id_modulo` int(11) NOT NULL,
  `modulo` varchar(50) NOT NULL,
  `boton` varchar(50) NOT NULL,
  `permiso` varchar(50) NOT NULL,
  `fecha_creacion` datetime DEFAULT NULL,
  `fecha_mod` datetime DEFAULT NULL,
  `id_captC` int(11) NOT NULL,
  `id_captM` int(11) NOT NULL
) ENGINE=InnoDB DEFAULT CHARSET=utf8;

CREATE TABLE `nproyectos` (
  `id_nProyecto` int(15) NOT NULL,
  `id_proyecto` int(11) NOT NULL,
  `fecha_creacion` datetime DEFAULT NULL,
  `fecha_mod` datetime DEFAULT NULL,
  `id_capC` int(11) DEFAULT NULL,
  `id_capM` int(11) DEFAULT NULL
) ENGINE=InnoDB DEFAULT CHARSET=utf8;

CREATE TABLE `permisos` (
  `id_permiso` int(11) NOT NULL,
  `editarUsu` char(1) DEFAULT NULL,
  `asignarCon` char(1) DEFAULT NULL,
  `eliminarUsu` char(1) DEFAULT NULL,
  `asignarPer` char(1) DEFAULT NULL,
  `nuevoUsu` char(1) DEFAULT NULL,
  `regMarca` char(1) DEFAULT NULL,
  `modMarca` char(1) DEFAULT NULL,
  `eliminaMar` char(1) DEFAULT NULL,
  `regModelo` char(1) DEFAULT NULL,
  `modModelo` char(1) DEFAULT NULL,
  `eliminarMod` char(1) DEFAULT NULL,
  `regAnios` char(1) DEFAULT NULL,
  `modAnios` char(1) DEFAULT NULL,
  `eliminarAnio` char(1) DEFAULT NULL,
  `regPermiso` char(1) DEFAULT NULL,
  `modPermiso` char(1) DEFAULT NULL,
  `eliPermiso` char(1) DEFAULT NULL,
  `regVehiculo` char(1) DEFAULT NULL,
  `modVehiculo` char(1) DEFAULT NULL,
  `eliVehiculo` char(1) DEFAULT NULL,
  `regCliente` char(1) DEFAULT NULL,
  `modCliente` char(1) DEFAULT NULL,
  `eliCliente` char(1) DEFAULT NULL,
  `regProyecto` char(1) DEFAULT NULL,
  `listProyecto` char(1) DEFAULT NULL,
  `modProyecto` char(1) DEFAULT NULL,
  `eliProyecto` char(1) DEFAULT NULL,
  `pdfProyecto` char(1) DEFAULT NULL,
  `id_usuario` int(11) DEFAULT NULL
) ENGINE=InnoDB DEFAULT CHARSET=utf8;

CREATE TABLE `proyectos` (
  `id_proyecto` int(11) NOT NULL,
  `id_cliente` int(11) NOT NULL,
  `id_vehiculo` int(11) NOT NULL,
  `nOrden` int(8) NOT NULL,
  `nProyecto` int(15) NOT NULL,
  `tipoReparacion` varchar(2) NOT NULL,
  `color` varchar(30) NOT NULL,
  `km` varchar(12) NOT NULL,
  `valorVenta` int(12) NOT NULL,
  `diagnostico` varchar(200) DEFAULT NULL,
  `descripServ1` varchar(200) DEFAULT NULL,
  `descripServ2` varchar(200) DEFAULT NULL,
  `fecha` datetime NOT NULL,
  `fecha_creacion` datetime DEFAULT NULL,
  `fecha_mod` datetime DEFAULT NULL,
  `id_capC` int(11) DEFAULT NULL,
  `id_capM` int(11) DEFAULT NULL
) ENGINE=InnoDB DEFAULT CHARSET=utf8;

CREATE TABLE `usuarios` (
  `id_usuario` int(11) NOT NULL,
  `nombres` varchar(40) NOT NULL,
  `aPaterno` varchar(30) NOT NULL,
  `aMaterno` varchar(30) NOT NULL,
  `usuario` varchar(30) NOT NULL,
  `email` varchar(50) NOT NULL,
  `tel` varchar(14) NOT NULL,
  `pass` varchar(32) DEFAULT 'SIN_PASSWORD',
  `admin` char(1) DEFAULT '0',
  `fecha_creacion` datetime DEFAULT NULL,
  `fecha_mod` datetime DEFAULT NULL,
  `id_captC` int(11) DEFAULT 0,
  `id_captM` int(11) DEFAULT 0,
  `estatus` varchar(7) DEFAULT 'offline',
  `super` tinyint(1) DEFAULT 0
) ENGINE=InnoDB DEFAULT CHARSET=utf8mb4;

CREATE TABLE `vehiculos` (
  `id_vehiculo` int(11) NOT NULL,
  `id_marca` int(11) NOT NULL,
  `id_modelo` int(11) NOT NULL,
  `id_anio` int(11) NOT NULL,
  `placa` varchar(10) NOT NULL,
  `fecha_creacion` datetime DEFAULT NULL,
  `fecha_mod` datetime DEFAULT NULL,
  `id_captC` int(11) DEFAULT 0,
  `id_captM` int(11) DEFAULT 0
) ENGINE=InnoDB DEFAULT CHARSET=utf8;

ALTER TABLE `anios`
  ADD PRIMARY KEY (`id_anio`);

ALTER TABLE `clientes`
  ADD PRIMARY KEY (`id_cliente`);

ALTER TABLE `colores`
  ADD PRIMARY KEY (`id_color`);

ALTER TABLE `marcas`
  ADD PRIMARY KEY (`id_marca`);

ALTER TABLE `modelos`
  ADD PRIMARY KEY (`id_modelo`);

ALTER TABLE `modulos`
  ADD PRIMARY KEY (`id_modulo`);

ALTER TABLE `nproyectos`
  ADD PRIMARY KEY (`id_nProyecto`);

ALTER TABLE `permisos`
  ADD PRIMARY KEY (`id_permiso`);

ALTER TABLE `proyectos`
  ADD PRIMARY KEY (`id_proyecto`);

ALTER TABLE `usuarios`
  ADD PRIMARY KEY (`id_usuario`);

ALTER TABLE `vehiculos`
  ADD PRIMARY KEY (`id_vehiculo`);

ALTER TABLE `anios`
  MODIFY `id_anio` int(11) NOT NULL AUTO_INCREMENT;

ALTER TABLE `clientes`
  MODIFY `id_cliente` int(11)  NOT NULL AUTO_INCREMENT;

ALTER TABLE `colores`
  MODIFY `id_color` int(4) NOT NULL AUTO_INCREMENT;

ALTER TABLE `marcas`
  MODIFY `id_marca` int(11)  NOT NULL AUTO_INCREMENT;

ALTER TABLE `modelos`
  MODIFY `id_modelo` int(11) NOT NULL AUTO_INCREMENT;

ALTER TABLE `modulos`
  MODIFY `id_modulo` int(11) NOT NULL AUTO_INCREMENT;

ALTER TABLE `nproyectos`
  MODIFY `id_nProyecto` int(15) NOT NULL AUTO_INCREMENT;

ALTER TABLE `permisos`
  MODIFY `id_permiso` int(11) NOT NULL AUTO_INCREMENT;

ALTER TABLE `proyectos`
  MODIFY `id_proyecto` int(11) NOT NULL AUTO_INCREMENT;

ALTER TABLE `usuarios`
  MODIFY `id_usuario` int(11) NOT NULL AUTO_INCREMENT;

ALTER TABLE `vehiculos`
  MODIFY `id_vehiculo` int(11) NOT NULL AUTO_INCREMENT;


INSERT INTO `marcas` (`id_marca`, `marca`, `fecha_creacion`, `fecha_mod`, `id_capC`, `id_capM`) VALUES
(1, 'Acura', '0000-00-00 00:00:00', '0000-00-00 00:00:00', 1, 0),
(3, 'Audi', '0000-00-00 00:00:00', '0000-00-00 00:00:00', 1, 0),
(4, 'BMW', '0000-00-00 00:00:00', '0000-00-00 00:00:00', 1, 0),
(5, 'Buick', '0000-00-00 00:00:00', '0000-00-00 00:00:00', 1, 0),
(6, 'Cadillac', '0000-00-00 00:00:00', '0000-00-00 00:00:00', 1, 0),
(7, 'Chevrolet', '0000-00-00 00:00:00', '0000-00-00 00:00:00', 1, 0),
(8, 'Chrysler', '0000-00-00 00:00:00', '0000-00-00 00:00:00', 1, 2),
(9, 'Datsun', '0000-00-00 00:00:00', '0000-00-00 00:00:00', 1, 0),
(10, 'Dodge', '0000-00-00 00:00:00', '0000-00-00 00:00:00', 1, 0),
(11, 'FIAT', '0000-00-00 00:00:00', '0000-00-00 00:00:00', 1, 0),
(12, 'Ford', '0000-00-00 00:00:00', '0000-00-00 00:00:00', 1, 0),
(13, 'General Motors', '0000-00-00 00:00:00', '0000-00-00 00:00:00', 1, 0),
(14, 'GMC', '0000-00-00 00:00:00', '0000-00-00 00:00:00', 1, 0),
(16, 'Honda', '0000-00-00 00:00:00', '0000-00-00 00:00:00', 1, 2),
(17, 'Hummer', '0000-00-00 00:00:00', '0000-00-00 00:00:00', 1, 0),
(18, 'Hyundai', '0000-00-00 00:00:00', '0000-00-00 00:00:00', 1, 0),
(19, 'Infinity', '0000-00-00 00:00:00', '0000-00-00 00:00:00', 1, 0),
(20, 'International', '0000-00-00 00:00:00', '0000-00-00 00:00:00', 1, 0),
(21, 'Isuzu', '0000-00-00 00:00:00', '0000-00-00 00:00:00', 1, 0),
(22, 'Jaguar', '0000-00-00 00:00:00', '0000-00-00 00:00:00', 1, 0),
(23, 'Jeep', '0000-00-00 00:00:00', '0000-00-00 00:00:00', 1, 0),
(24, 'KIA', '0000-00-00 00:00:00', '0000-00-00 00:00:00', 1, 0),
(25, 'Land Rover', '0000-00-00 00:00:00', '0000-00-00 00:00:00', 1, 0),
(26, 'Lincoln', '0000-00-00 00:00:00', '0000-00-00 00:00:00', 1, 0),
(27, 'Mazda', '0000-00-00 00:00:00', '0000-00-00 00:00:00', 1, 0),
(28, 'Mercedes Benz', '0000-00-00 00:00:00', '0000-00-00 00:00:00', 1, 0),
(29, 'Mercury', '0000-00-00 00:00:00', '0000-00-00 00:00:00', 1, 0),
(30, 'Mini cooper', '0000-00-00 00:00:00', '0000-00-00 00:00:00', 1, 0),
(31, 'Mitsubishi', '0000-00-00 00:00:00', '0000-00-00 00:00:00', 1, 0),
(32, 'Nissan', '0000-00-00 00:00:00', '0000-00-00 00:00:00', 1, 0),
(33, 'Peugeot', '0000-00-00 00:00:00', '0000-00-00 00:00:00', 1, 0),
(34, 'Pontiac', '0000-00-00 00:00:00', '0000-00-00 00:00:00', 1, 0),
(35, 'Porshe', '0000-00-00 00:00:00', '0000-00-00 00:00:00', 1, 0),
(36, 'Ram', '0000-00-00 00:00:00', '0000-00-00 00:00:00', 1, 0),
(37, 'Renault', '0000-00-00 00:00:00', '0000-00-00 00:00:00', 1, 0),
(38, 'Seat', '0000-00-00 00:00:00', '0000-00-00 00:00:00', 1, 0),
(39, 'Subaru', '0000-00-00 00:00:00', '0000-00-00 00:00:00', 1, 0),
(40, 'Suzuki', '0000-00-00 00:00:00', '0000-00-00 00:00:00', 1, 0),
(41, 'Toyota', '0000-00-00 00:00:00', '0000-00-00 00:00:00', 1, 0),
(42, 'Volvo', '0000-00-00 00:00:00', '0000-00-00 00:00:00', 1, 2),
(43, 'VW', '0000-00-00 00:00:00', '0000-00-00 00:00:00', 1, 0),
(44, 'ZDX', '0000-00-00 00:00:00', '0000-00-00 00:00:00', 1, 0);

-- --------------------------------------------------------
--
-- Volcado de datos para la tabla `colores`
--

INSERT INTO `colores` (`id_color`, `color`, `hex`) VALUES
(1, 'Colores rojos', ''),
(2, 'Coral claro', '#F08080'),
(3, 'Salmon', '#FA8072'),
(4, 'Rojo indio', '#CD5C5C'),
(5, 'Rojo', '#FF0000'),
(6, 'Carmesi', '#DC143C'),
(7, 'Ladrillo', '#B22222'),
(8, 'Cafe', '#A52A2A'),
(9, 'Rojo oscuro', '#8B0000'),
(10, 'Marron', '#800000'),
(11, 'Colores rosas', ''),
(12, 'Rosa brumosa', '#FFE4E1'),
(13, 'Rosa', '#FFC0CB'),
(14, 'Rosa claro', '#FFB6C1'),
(15, 'Rosa encendido', '#FF69B4'),
(16, 'Rosado Marrón', '#BC8F8F'),
(17, 'Rojo violeta púlido', '#DB7093'),
(18, 'Rosa profundo', '#FF1493'),
(19, 'Rojo Violeta Medio', '#C71585'),
(20, 'Colores naranjas', ''),
(21, 'Almendra', '#FFEBCD'),
(22, 'Moccasin', '#FFE4B5'),
(23, 'Durazno', '#FFDAB9'),
(24, 'Navajo Blanco', '#FFDEAD'),
(25, 'Salmón ligero', '#FFA07A'),
(26, 'Salmón oscuro', '#E9967A'),
(27, 'Naranja', '#FFA500'),
(28, 'Naranja oscuro', '#FF8C00'),
(29, 'Coral', '#FF7F50'),
(30, 'Tomate', '#FF6347'),
(31, 'Naranja rojo', '#FF4500'),
(32, 'Colores marrones', ''),
(33, 'Trigo', '#F5DEB3'),
(34, 'Madera', '#DEB887'),
(35, 'Bronceado', '#D2B48C'),
(36, 'Marrón arenoso', '#F4A460'),
(37, 'Dorado', '#DAA520'),
(38, 'Peru', '#CD853F'),
(39, 'Dorada oscura', '#B8860B'),
(40, 'Chocolate', '#D2691E'),
(41, 'Sienna', '#A0522D'),
(42, 'Sillín marrón', '#8B4513'),
(43, 'Colores amarillos', ''),
(44, 'Amarillo claro', '#FFFFE0'),
(45, 'Seda', '#FFF8DC'),
(46, 'Dorado clara Amarillo', '#FAFAD2'),
(47, 'Oro púlido', '#EEE8AA'),
(48, 'Caqui', '#F0E68C'),
(49, 'Amarillo', '#FFFF00'),
(50, 'Oro', '#FFD700'),
(51, 'Caqui oscuro', '#BDB76B'),
(52, 'Colores verdes amarillentos', ''),
(53, 'Verde amarillo', '#ADFF2F'),
(54, 'Chartreuse', '#7FFF00'),
(55, 'Césped verde', '#7CFC00'),
(56, 'Amarillo verde', '#9ACD32'),
(57, 'Verde oliva', '#6B8E23'),
(58, 'Oliva', '#808000'),
(59, 'Verde Oliva Oscuro', '#556B2F'),
(60, 'Colores verdes', ''),
(61, 'Verde púlido', '#98FB98'),
(62, 'Verde claro', '#90EE90'),
(63, 'Verde primavera media', '#00FA9A'),
(64, 'Verde primavera ', '#00FF7F'),
(65, 'Limon', '#00FF00'),
(66, 'Verde mar oscuro', '#8FBC8F'),
(67, 'Verde Limon', '#32CD32'),
(68, 'Verde mar medio', '#3CB371'),
(69, 'Verde mar', '#2E8B57'),
(70, 'Bosque verde', '#228B22'),
(71, 'Verde', '#008000'),
(72, 'Verde oscuro', '#006400'),
(73, 'Colores azul-verdes', ''),
(74, 'Cian claro', '#E0FFFF'),
(75, 'Turquesa púlido', '#AFEEEE'),
(76, 'Aguamarina', '#7FFFD4'),
(77, 'Aqua / Cian', '#00FFFF'),
(78, 'Turquesa', '#40E0D0'),
(79, 'Turquesa media', '#48D1CC'),
(80, 'Turquesa oscuro', '#00CED1'),
(81, 'Aguamarina mediana', '#66CDAA'),
(82, 'Verde mar claro', '#20B2AA'),
(83, 'Azul Cadete', '#5F9EA0'),
(84, 'Cian oscuro', '#008B8B'),
(85, 'Cerceta', '#008080'),
(86, 'Colores azules', ''),
(87, 'Lavanda', '#E6E6FA'),
(88, 'Web Azul', '#CEE7FF'),
(89, 'Polvo Azul', '#B0E0E6'),
(90, 'Azul claro', '#ADD8E6'),
(91, 'Azul cielo claro', '#87CEFA'),
(92, 'Celeste', '#87CEEB'),
(93, 'Azul acero claro', '#B0C4DE'),
(94, 'Azul cielo profundo', '#00BFFF'),
(95, 'Flor de maíz Azul', '#6495ED'),
(96, 'Dodger Azul', '#1E90FF'),
(97, 'Acero Azul', '#4682B4'),
(98, 'Azul Real', '#4169E1'),
(99, 'Azul', '#0000FF'),
(100, 'Azul medio', '#0000CD'),
(101, 'Azul oscuro', '#00008B'),
(102, 'Marino', '#000080'),
(103, 'Azul medianoche', '#191970'),
(104, 'Colores violetas y púrpuras', ''),
(105, 'Cardo', '#D8BFD8'),
(106, 'Ciruela', '#DDA0DD'),
(107, 'Violeta', '#EE82EE'),
(108, 'Orquídea', '#DA70D6'),
(109, 'Fucsia / Magenta', '#FF00FF'),
(110, 'Púrpura medio', '#9370DB'),
(111, 'Orquídea mediana', '#BA55D3'),
(112, 'Azul pizarra mediana', '#7B68EE'),
(113, 'Azul pizarra', '#6A5ACD'),
(114, 'Azul Violeta', '#8A2BE2'),
(115, 'Violeta oscuro', '#9400D3'),
(116, 'Orquídea oscura', '#9932CC'),
(117, 'Magenta oscuro', '#8B008B'),
(118, 'Morado', '#800080'),
(119, 'Azul pizarra oscura', '#483D8B'),
(120, 'Indigo', '#4B0082'),
(121, 'Colores blancos', ''),
(122, 'Blanco', '#FFFFFF'),
(123, 'Humo blanco', '#F5F5F5'),
(124, 'Nieve', '#FFFAFA'),
(125, 'Concha', '#FFF5EE'),
(126, 'Lino', '#FAF0E6'),
(127, 'Blanco antiguo', '#FAEBD7'),
(128, 'Encaje viejo', '#FDF5E6'),
(129, 'Blanco Floral', '#FFFAF0'),
(130, 'Marfil', '#FFFFF0'),
(131, 'Beige', '#F5F5DC'),
(132, 'Miel', '#F0FFF0'),
(133, 'Crema de menta', '#F5FFFA'),
(134, 'Celeste', '#F0FFFF'),
(135, 'Alicia Azul', '#F0F8FF'),
(136, 'Fantasma Blanco', '#F8F8FF'),
(137, 'Rubor de lavanda', '#FFF0F5'),
(138, 'Colores grises', ''),
(139, 'Gris claro', '#D3D3D3'),
(140, 'Plata', '#C0C0C0'),
(141, 'Gris oscuro', '#A9A9A9'),
(142, 'Gris pizarra claro', '#778899'),
(143, 'Gris pizarra', '#708090'),
(144, 'Gris', '#808080'),
(145, 'Gris tenue', '#696969'),
(146, 'Gris pizarra oscura', '#2F4F4F'),
(147, 'Negro', '#000000');

-- --------------------------------------------------------

INSERT INTO `modelos` (`id_modelo`, `id_marca`, `modelo`, `fecha_creacion`, `fecha_mod`, `id_capC`, `id_capM`) VALUES
(1, 3, 'A1', '0000-00-00 00:00:00', '0000-00-00 00:00:00', 2, 0),
(2, 3, 'A3', '0000-00-00 00:00:00', '0000-00-00 00:00:00', 2, 0),
(3, 3, 'Q2', '0000-00-00 00:00:00', '0000-00-00 00:00:00', 2, 0),
(4, 3, 'A4', '0000-00-00 00:00:00', '0000-00-00 00:00:00', 2, 0),
(5, 3, 'A5', '0000-00-00 00:00:00', '0000-00-00 00:00:00', 2, 0),
(6, 3, 'A6', '0000-00-00 00:00:00', '0000-00-00 00:00:00', 2, 0),
(7, 3, 'Q5', '0000-00-00 00:00:00', '0000-00-00 00:00:00', 2, 0),
(8, 4, '335', '0000-00-00 00:00:00', '0000-00-00 00:00:00', 2, 0),
(9, 4, '530', '0000-00-00 00:00:00', '0000-00-00 00:00:00', 2, 0),
(10, 4, '120i', '0000-00-00 00:00:00', '0000-00-00 00:00:00', 2, 0),
(11, 4, 'Serie 3', '0000-00-00 00:00:00', '0000-00-00 00:00:00', 2, 0),
(12, 4, '330ci', '0000-00-00 00:00:00', '0000-00-00 00:00:00', 2, 0),
(13, 4, 'Serie 5', '0000-00-00 00:00:00', '0000-00-00 00:00:00', 2, 0),
(14, 4, 'X1', '0000-00-00 00:00:00', '0000-00-00 00:00:00', 2, 0),
(15, 4, '545', '0000-00-00 00:00:00', '0000-00-00 00:00:00', 2, 0),
(16, 4, 'X3', '0000-00-00 00:00:00', '0000-00-00 00:00:00', 2, 0),
(17, 4, '320i', '0000-00-00 00:00:00', '0000-00-00 00:00:00', 2, 0),
(18, 4, '325', '0000-00-00 00:00:00', '0000-00-00 00:00:00', 2, 0),
(19, 4, 'X5', '0000-00-00 00:00:00', '0000-00-00 00:00:00', 2, 0),
(20, 4, 'Z3', '0000-00-00 00:00:00', '0000-00-00 00:00:00', 2, 0),
(21, 4, '323i', '0000-00-00 00:00:00', '0000-00-00 00:00:00', 2, 0),
(22, 4, '325i', '0000-00-00 00:00:00', '0000-00-00 00:00:00', 2, 0),
(23, 4, '330i', '0000-00-00 00:00:00', '0000-00-00 00:00:00', 2, 0),
(24, 4, 'i3', '0000-00-00 00:00:00', '0000-00-00 00:00:00', 2, 0),
(25, 4, 'Serie 1', '0000-00-00 00:00:00', '0000-00-00 00:00:00', 2, 0),
(26, 8, 'Blazer', '0000-00-00 00:00:00', '0000-00-00 00:00:00', 2, 0),
(27, 8, 'Van express', '0000-00-00 00:00:00', '0000-00-00 00:00:00', 2, 0),
(28, 7, 'Chevy Monza', '0000-00-00 00:00:00', '0000-00-00 00:00:00', 2, 0),
(29, 7, 'Cutlass', '0000-00-00 00:00:00', '0000-00-00 00:00:00', 2, 0),
(30, 7, 'Equinox', '0000-00-00 00:00:00', '0000-00-00 00:00:00', 2, 0),
(31, 7, 'Suburban', '0000-00-00 00:00:00', '0000-00-00 00:00:00', 2, 0),
(32, 7, 'Sonic', '0000-00-00 00:00:00', '0000-00-00 00:00:00', 2, 0),
(33, 7, 'Silverado', '0000-00-00 00:00:00', '0000-00-00 00:00:00', 2, 0),
(34, 7, 'Venture', '0000-00-00 00:00:00', '0000-00-00 00:00:00', 2, 0),
(35, 7, 'Chevy', '0000-00-00 00:00:00', '0000-00-00 00:00:00', 2, 0),
(36, 7, 'Malibu', '0000-00-00 00:00:00', '0000-00-00 00:00:00', 2, 0),
(37, 7, 'Cruze', '0000-00-00 00:00:00', '0000-00-00 00:00:00', 2, 0),
(38, 7, 'Torrent Pontiac', '0000-00-00 00:00:00', '0000-00-00 00:00:00', 2, 0),
(39, 7, 'Astra', '0000-00-00 00:00:00', '0000-00-00 00:00:00', 2, 0),
(40, 7, 'Aveo', '0000-00-00 00:00:00', '0000-00-00 00:00:00', 2, 0),
(41, 7, 'Colorado', '0000-00-00 00:00:00', '0000-00-00 00:00:00', 2, 0),
(42, 7, 'Captiva', '0000-00-00 00:00:00', '0000-00-00 00:00:00', 2, 0),
(43, 7, 'Chevy Confort', '0000-00-00 00:00:00', '0000-00-00 00:00:00', 2, 0),
(44, 7, 'Cheyenne', '0000-00-00 00:00:00', '0000-00-00 00:00:00', 2, 0),
(45, 7, 'Tracks', '0000-00-00 00:00:00', '0000-00-00 00:00:00', 2, 0),
(46, 7, 'Trail Blazer', '0000-00-00 00:00:00', '0000-00-00 00:00:00', 2, 0),
(47, 7, 'Vectra', '0000-00-00 00:00:00', '0000-00-00 00:00:00', 2, 0),
(48, 7, 'HHR', '0000-00-00 00:00:00', '0000-00-00 00:00:00', 2, 0),
(49, 7, 'Chevy C2', '0000-00-00 00:00:00', '0000-00-00 00:00:00', 2, 0),
(50, 7, 'Avalanche', '0000-00-00 00:00:00', '0000-00-00 00:00:00', 2, 0),
(51, 7, 'Silverado 2500', '0000-00-00 00:00:00', '0000-00-00 00:00:00', 2, 0),
(52, 7, 'Uplander', '0000-00-00 00:00:00', '0000-00-00 00:00:00', 2, 0),
(53, 7, 'Tracker', '0000-00-00 00:00:00', '0000-00-00 00:00:00', 2, 0),
(54, 7, 'S10', '0000-00-00 00:00:00', '0000-00-00 00:00:00', 2, 0),
(55, 7, 'Enclave', '0000-00-00 00:00:00', '0000-00-00 00:00:00', 2, 0),
(56, 7, 'Silhouette', '0000-00-00 00:00:00', '0000-00-00 00:00:00', 2, 0),
(57, 7, 'Camaro', '0000-00-00 00:00:00', '0000-00-00 00:00:00', 2, 0),
(58, 7, 'Corvette', '0000-00-00 00:00:00', '0000-00-00 00:00:00', 2, 0),
(59, 7, 'Cavalier', '0000-00-00 00:00:00', '0000-00-00 00:00:00', 2, 0),
(60, 7, 'Van', '0000-00-00 00:00:00', '0000-00-00 00:00:00', 2, 0),
(61, 7, 'Sonora', '0000-00-00 00:00:00', '0000-00-00 00:00:00', 2, 0),
(62, 7, 'C10', '0000-00-00 00:00:00', '0000-00-00 00:00:00', 2, 0),
(63, 7, 'Trax', '0000-00-00 00:00:00', '0000-00-00 00:00:00', 2, 0),
(64, 7, 'Astra Wagon', '0000-00-00 00:00:00', '0000-00-00 00:00:00', 2, 0),
(65, 7, 'Tornado', '0000-00-00 00:00:00', '0000-00-00 00:00:00', 2, 0),
(66, 7, 'Zafira', '0000-00-00 00:00:00', '0000-00-00 00:00:00', 2, 0),
(67, 7, 'Optra LS', '0000-00-00 00:00:00', '0000-00-00 00:00:00', 2, 0),
(68, 7, 'Silverado 1500', '0000-00-00 00:00:00', '0000-00-00 00:00:00', 2, 0),
(69, 7, 'Corsa', '0000-00-00 00:00:00', '0000-00-00 00:00:00', 2, 0),
(70, 7, 'Chevy Van 20', '0000-00-00 00:00:00', '0000-00-00 00:00:00', 2, 0),
(71, 7, 'Camaro Z28', '0000-00-00 00:00:00', '0000-00-00 00:00:00', 2, 0),
(72, 7, 'Xtrail Blazer', '0000-00-00 00:00:00', '0000-00-00 00:00:00', 2, 0),
(73, 7, 'Cobalt', '0000-00-00 00:00:00', '0000-00-00 00:00:00', 2, 0),
(74, 7, 'Geo Tracker', '0000-00-00 00:00:00', '0000-00-00 00:00:00', 2, 0),
(75, 7, 'Astra Opel', '0000-00-00 00:00:00', '0000-00-00 00:00:00', 2, 0),
(76, 7, 'CargoVan', '0000-00-00 00:00:00', '0000-00-00 00:00:00', 2, 0),
(77, 7, 'Express', '0000-00-00 00:00:00', '0000-00-00 00:00:00', 2, 0),
(78, 7, 'Impala Lt', '0000-00-00 00:00:00', '0000-00-00 00:00:00', 2, 0),
(79, 7, 'Sonic Lt', '0000-00-00 00:00:00', '0000-00-00 00:00:00', 2, 0),
(80, 7, 'Spark', '0000-00-00 00:00:00', '0000-00-00 00:00:00', 2, 0),
(81, 7, 'Buick', '0000-00-00 00:00:00', '0000-00-00 00:00:00', 2, 0),
(82, 23, 'Unlimited', '0000-00-00 00:00:00', '0000-00-00 00:00:00', 2, 0),
(83, 23, 'Renegade', '0000-00-00 00:00:00', '0000-00-00 00:00:00', 2, 0),
(84, 23, 'Cherokee SRT', '0000-00-00 00:00:00', '0000-00-00 00:00:00', 2, 0),
(85, 23, 'Wagoneer', '0000-00-00 00:00:00', '0000-00-00 00:00:00', 2, 0),
(86, 23, 'Cherokee Laredo', '0000-00-00 00:00:00', '0000-00-00 00:00:00', 2, 0),
(87, 23, 'Patriot', '0000-00-00 00:00:00', '0000-00-00 00:00:00', 2, 0),
(88, 23, 'Sahara', '0000-00-00 00:00:00', '0000-00-00 00:00:00', 2, 0),
(89, 23, 'Wrangler', '0000-00-00 00:00:00', '0000-00-00 00:00:00', 2, 0),
(90, 23, 'Comanche', '0000-00-00 00:00:00', '0000-00-00 00:00:00', 2, 0),
(91, 23, 'Comander', '0000-00-00 00:00:00', '0000-00-00 00:00:00', 2, 0),
(92, 23, 'Rubicon', '0000-00-00 00:00:00', '0000-00-00 00:00:00', 2, 0),
(93, 23, 'Cherokee', '0000-00-00 00:00:00', '0000-00-00 00:00:00', 2, 0),
(94, 23, 'Cherokee Sport', '0000-00-00 00:00:00', '0000-00-00 00:00:00', 2, 0),
(96, 23, 'Grand Cherokee', '0000-00-00 00:00:00', '0000-00-00 00:00:00', 2, 0),
(97, 23, 'Compass', '0000-00-00 00:00:00', '0000-00-00 00:00:00', 2, 0),
(99, 23, 'Liberty', '0000-00-00 00:00:00', '0000-00-00 00:00:00', 2, 0),
(100, 12, 'Windstar', '0000-00-00 00:00:00', '0000-00-00 00:00:00', 2, 0),
(102, 12, 'Explorer', '0000-00-00 00:00:00', '0000-00-00 00:00:00', 2, 0),
(103, 12, 'Grand Marquis', '0000-00-00 00:00:00', '0000-00-00 00:00:00', 2, 0),
(104, 12, 'Mondeo', '0000-00-00 00:00:00', '0000-00-00 00:00:00', 2, 0),
(105, 12, 'Ghia', '0000-00-00 00:00:00', '0000-00-00 00:00:00', 2, 0),
(107, 12, 'Mystic', '0000-00-00 00:00:00', '0000-00-00 00:00:00', 2, 0),
(108, 12, 'Ranger', '0000-00-00 00:00:00', '0000-00-00 00:00:00', 2, 0),
(109, 12, 'Expedition', '0000-00-00 00:00:00', '0000-00-00 00:00:00', 2, 0),
(110, 12, 'Escape', '0000-00-00 00:00:00', '0000-00-00 00:00:00', 2, 0),
(111, 12, 'Courier', '0000-00-00 00:00:00', '0000-00-00 00:00:00', 2, 0),
(112, 12, 'Freestar', '0000-00-00 00:00:00', '0000-00-00 00:00:00', 2, 0),
(113, 12, 'Focus', '0000-00-00 00:00:00', '0000-00-00 00:00:00', 2, 0),
(114, 12, 'Lobo', '0000-00-00 00:00:00', '0000-00-00 00:00:00', 2, 0),
(115, 12, 'Edge', '0000-00-00 00:00:00', '0000-00-00 00:00:00', 2, 0),
(116, 12, 'Lobo Pick Up', '0000-00-00 00:00:00', '0000-00-00 00:00:00', 2, 0),
(117, 12, 'Mustang', '0000-00-00 00:00:00', '0000-00-00 00:00:00', 2, 0),
(118, 12, 'Taurus', '0000-00-00 00:00:00', '0000-00-00 00:00:00', 2, 0),
(119, 12, 'Escort', '0000-00-00 00:00:00', '0000-00-00 00:00:00', 2, 0),
(120, 12, 'F 150', '0000-00-00 00:00:00', '0000-00-00 00:00:00', 2, 0),
(121, 12, 'Sable', '0000-00-00 00:00:00', '0000-00-00 00:00:00', 2, 0),
(123, 12, 'Fiesta', '0000-00-00 00:00:00', '0000-00-00 00:00:00', 2, 0),
(124, 12, 'Mercury', '0000-00-00 00:00:00', '0000-00-00 00:00:00', 2, 0),
(125, 12, 'Linea B800', '0000-00-00 00:00:00', '0000-00-00 00:00:00', 2, 0),
(126, 12, 'Fusion', '0000-00-00 00:00:00', '0000-00-00 00:00:00', 2, 0),
(127, 12, 'F 250', '0000-00-00 00:00:00', '0000-00-00 00:00:00', 2, 0),
(128, 12, 'Excursion', '0000-00-00 00:00:00', '0000-00-00 00:00:00', 2, 0),
(129, 12, 'F 450', '0000-00-00 00:00:00', '0000-00-00 00:00:00', 2, 0),
(130, 12, 'Sport track', '0000-00-00 00:00:00', '0000-00-00 00:00:00', 2, 0),
(131, 12, 'Econoline', '0000-00-00 00:00:00', '0000-00-00 00:00:00', 2, 0),
(132, 12, 'F 350', '0000-00-00 00:00:00', '0000-00-00 00:00:00', 2, 0),
(133, 12, 'AOD', '0000-00-00 00:00:00', '0000-00-00 00:00:00', 2, 0),
(134, 12, 'Lobo Limite', '0000-00-00 00:00:00', '0000-00-00 00:00:00', 2, 0),
(135, 10, 'Pacifica', '0000-00-00 00:00:00', '0000-00-00 00:00:00', 2, 0),
(137, 39, 'Legacy', '0000-00-00 00:00:00', '0000-00-00 00:00:00', 2, 0),
(138, 11, 'Panda', '0000-00-00 00:00:00', '0000-00-00 00:00:00', 2, 0),
(139, 24, 'Forte', '0000-00-00 00:00:00', '0000-00-00 00:00:00', 2, 0),
(140, 35, 'Cayenne', '0000-00-00 00:00:00', '0000-00-00 00:00:00', 2, 0),
(141, 5, 'Enclave', '0000-00-00 00:00:00', '0000-00-00 00:00:00', 2, 0),
(142, 25, 'LR3', '0000-00-00 00:00:00', '0000-00-00 00:00:00', 2, 0),
(143, 25, 'Freelander', '0000-00-00 00:00:00', '0000-00-00 00:00:00', 2, 0),
(144, 22, 'S-type', '0000-00-00 00:00:00', '0000-00-00 00:00:00', 2, 0),
(146, 25, 'Evoque', '0000-00-00 00:00:00', '0000-00-00 00:00:00', 2, 0),
(147, 25, 'LR2', '0000-00-00 00:00:00', '0000-00-00 00:00:00', 2, 0),
(149, 25, 'Range Lover', '0000-00-00 00:00:00', '0000-00-00 00:00:00', 2, 0),
(151, 25, 'Discovery', '0000-00-00 00:00:00', '0000-00-00 00:00:00', 2, 0),
(152, 38, 'León', '0000-00-00 00:00:00', '0000-00-00 00:00:00', 0, NULL),
(153, 38, 'Ibiza', '0000-00-00 00:00:00', '0000-00-00 00:00:00', 2, 0),
(156, 38, 'Toledo', '0000-00-00 00:00:00', '0000-00-00 00:00:00', 2, 0),
(157, 38, 'Alhambra', '0000-00-00 00:00:00', '0000-00-00 00:00:00', 2, 0),
(158, 38, 'Altea', '0000-00-00 00:00:00', '0000-00-00 00:00:00', 2, 0),
(159, 1, 'MDX', '0000-00-00 00:00:00', '0000-00-00 00:00:00', 2, 2),
(161, 1, 'TL', '0000-00-00 00:00:00', '0000-00-00 00:00:00', 2, 0),
(162, 33, '206', '0000-00-00 00:00:00', '0000-00-00 00:00:00', 2, 0),
(163, 33, '301', '0000-00-00 00:00:00', '0000-00-00 00:00:00', 2, 0),
(164, 33, '307cc', '0000-00-00 00:00:00', '0000-00-00 00:00:00', 2, 0),
(165, 33, 'Parnet', '0000-00-00 00:00:00', '0000-00-00 00:00:00', 2, 0),
(167, 33, '300c', '0000-00-00 00:00:00', '0000-00-00 00:00:00', 2, 0),
(168, 33, '607', '0000-00-00 00:00:00', '0000-00-00 00:00:00', 2, 0),
(170, 33, 'Pinifarina', '0000-00-00 00:00:00', '0000-00-00 00:00:00', 2, 0),
(171, 33, '207', '0000-00-00 00:00:00', '0000-00-00 00:00:00', 2, 0),
(172, 36, '2500', '0000-00-00 00:00:00', '0000-00-00 00:00:00', 2, 0),
(174, 36, 'Pick Up 2500', '0000-00-00 00:00:00', '0000-00-00 00:00:00', 2, 0),
(175, 36, 'Van 1500', '0000-00-00 00:00:00', '0000-00-00 00:00:00', 2, 0),
(176, 36, '3500', '0000-00-00 00:00:00', '0000-00-00 00:00:00', 2, 0),
(177, 30, 'Chili', '0000-00-00 00:00:00', '0000-00-00 00:00:00', 2, 0),
(178, 19, 'JX35', '0000-00-00 00:00:00', '0000-00-00 00:00:00', 2, 0),
(179, 19, 'i30', '0000-00-00 00:00:00', '0000-00-00 00:00:00', 2, 0),
(180, 19, 'Q45', '0000-00-00 00:00:00', '0000-00-00 00:00:00', 2, 0),
(181, 31, 'Lancer', '0000-00-00 00:00:00', '0000-00-00 00:00:00', 2, 0),
(182, 31, 'Galant', '0000-00-00 00:00:00', '0000-00-00 00:00:00', 2, 0),
(183, 31, 'Outlander', '0000-00-00 00:00:00', '0000-00-00 00:00:00', 2, 0),
(184, 31, 'Montero Limited', '0000-00-00 00:00:00', '0000-00-00 00:00:00', 2, 0),
(185, 31, 'Montero', '0000-00-00 00:00:00', '0000-00-00 00:00:00', 2, 0),
(186, 31, 'Eclipse', '0000-00-00 00:00:00', '0000-00-00 00:00:00', 2, 0),
(187, 31, 'Asx', '0000-00-00 00:00:00', '0000-00-00 00:00:00', 2, 0),
(188, 31, 'Ask', '0000-00-00 00:00:00', '0000-00-00 00:00:00', 2, 0),
(189, 31, 'Lancer GTS', '0000-00-00 00:00:00', '0000-00-00 00:00:00', 2, 0),
(190, 31, 'Mirage', '0000-00-00 00:00:00', '0000-00-00 00:00:00', 2, 0),
(191, 31, 'Endeavor', '0000-00-00 00:00:00', '0000-00-00 00:00:00', 2, 0),
(192, 21, 'Axiom', '0000-00-00 00:00:00', '0000-00-00 00:00:00', 2, 0),
(193, 21, 'Rodeo', '0000-00-00 00:00:00', '0000-00-00 00:00:00', 2, 0),
(194, 21, 'Trooper', '0000-00-00 00:00:00', '0000-00-00 00:00:00', 2, 0),
(195, 6, 'Cts', '0000-00-00 00:00:00', '0000-00-00 00:00:00', 2, 0),
(196, 6, 'Escalade', '0000-00-00 00:00:00', '0000-00-00 00:00:00', 2, 0),
(197, 6, 'SRX', '0000-00-00 00:00:00', '0000-00-00 00:00:00', 2, 0),
(198, 6, 'Deville', '0000-00-00 00:00:00', '0000-00-00 00:00:00', 2, 0),
(199, 13, 'Saturno', '0000-00-00 00:00:00', '0000-00-00 00:00:00', 2, 0),
(200, 34, 'Grand Prix', '0000-00-00 00:00:00', '0000-00-00 00:00:00', 2, 0),
(201, 34, 'G3', '0000-00-00 00:00:00', '0000-00-00 00:00:00', 2, 0),
(202, 34, 'Azteca', '0000-00-00 00:00:00', '0000-00-00 00:00:00', 2, 0),
(203, 34, 'G6', '0000-00-00 00:00:00', '0000-00-00 00:00:00', 2, 0),
(204, 34, 'Trans Sport', '0000-00-00 00:00:00', '0000-00-00 00:00:00', 2, 0),
(205, 34, 'Sunfire', '0000-00-00 00:00:00', '0000-00-00 00:00:00', 2, 0),
(206, 34, 'Montana', '0000-00-00 00:00:00', '0000-00-00 00:00:00', 2, 0),
(207, 34, 'Grand Am', '0000-00-00 00:00:00', '0000-00-00 00:00:00', 2, 0),
(208, 34, 'Solstice', '0000-00-00 00:00:00', '0000-00-00 00:00:00', 2, 0),
(209, 26, 'Ls', '0000-00-00 00:00:00', '0000-00-00 00:00:00', 2, 0),
(210, 26, 'Zephyr', '0000-00-00 00:00:00', '0000-00-00 00:00:00', 2, 0),
(211, 26, 'Mark', '0000-00-00 00:00:00', '0000-00-00 00:00:00', 2, 0),
(212, 26, 'Mark LT', '0000-00-00 00:00:00', '0000-00-00 00:00:00', 2, 0),
(213, 26, 'Navigator', '0000-00-00 00:00:00', '0000-00-00 00:00:00', 2, 0),
(215, 26, 'MKS', '0000-00-00 00:00:00', '0000-00-00 00:00:00', 2, 0),
(216, 26, 'Aviator', '0000-00-00 00:00:00', '0000-00-00 00:00:00', 2, 0),
(217, 26, 'MKX', '0000-00-00 00:00:00', '0000-00-00 00:00:00', 2, 2),
(218, 26, 'MKZ', '0000-00-00 00:00:00', '0000-00-00 00:00:00', 2, 0),
(219, 40, 'Vitara', '0000-00-00 00:00:00', '0000-00-00 00:00:00', 2, 0),
(220, 40, 'Ciaz', '0000-00-00 00:00:00', '0000-00-00 00:00:00', 2, 0),
(221, 40, 'SX4', '0000-00-00 00:00:00', '0000-00-00 00:00:00', 2, 0),
(222, 40, 'Swift', '0000-00-00 00:00:00', '0000-00-00 00:00:00', 2, 0),
(223, 40, 'S Cross SX4', '0000-00-00 00:00:00', '0000-00-00 00:00:00', 2, 0),
(224, 40, 'Kisashi', '0000-00-00 00:00:00', '0000-00-00 00:00:00', 2, 0),
(225, 40, 'Forenza', '0000-00-00 00:00:00', '0000-00-00 00:00:00', 2, 0),
(226, 40, 'X Cross', '0000-00-00 00:00:00', '0000-00-00 00:00:00', 2, 0),
(227, 40, 'Grand Vitara', '0000-00-00 00:00:00', '0000-00-00 00:00:00', 2, 0),
(228, 18, 'Tucson', '0000-00-00 00:00:00', '0000-00-00 00:00:00', 2, 0),
(229, 18, 'Haccent', '0000-00-00 00:00:00', '0000-00-00 00:00:00', 2, 0),
(230, 18, 'Elantra', '0000-00-00 00:00:00', '0000-00-00 00:00:00', 2, 0),
(231, 18, 'Santa Fé', '0000-00-00 00:00:00', '0000-00-00 00:00:00', 0, NULL),
(232, 18, 'I10', '0000-00-00 00:00:00', '0000-00-00 00:00:00', 2, 0),
(233, 17, 'H3', '0000-00-00 00:00:00', '0000-00-00 00:00:00', 2, 0),
(235, 28, 'MI350', '0000-00-00 00:00:00', '0000-00-00 00:00:00', 2, 0),
(236, 28, 'C320', '0000-00-00 00:00:00', '0000-00-00 00:00:00', 2, 0),
(237, 28, '320', '0000-00-00 00:00:00', '0000-00-00 00:00:00', 2, 0),
(238, 28, '320 XL', '0000-00-00 00:00:00', '0000-00-00 00:00:00', 2, 0),
(239, 28, 'Sprinter', '0000-00-00 00:00:00', '0000-00-00 00:00:00', 2, 0),
(240, 28, 'ML 320', '0000-00-00 00:00:00', '0000-00-00 00:00:00', 2, 2),
(241, 28, 'CLA250', '0000-00-00 00:00:00', '0000-00-00 00:00:00', 2, 0),
(242, 28, 'C200', '0000-00-00 00:00:00', '0000-00-00 00:00:00', 2, 0),
(243, 28, 'CLA200', '0000-00-00 00:00:00', '0000-00-00 00:00:00', 2, 0),
(244, 28, 'Smart', '0000-00-00 00:00:00', '0000-00-00 00:00:00', 2, 0),
(245, 28, 'C 230 Compresor', '0000-00-00 00:00:00', '0000-00-00 00:00:00', 2, 0),
(246, 28, 'AMG', '0000-00-00 00:00:00', '0000-00-00 00:00:00', 2, 0),
(247, 28, 'E550', '0000-00-00 00:00:00', '0000-00-00 00:00:00', 2, 0),
(248, 28, 'C300', '0000-00-00 00:00:00', '0000-00-00 00:00:00', 2, 0),
(249, 28, 'ML500', '0000-00-00 00:00:00', '0000-00-00 00:00:00', 2, 0),
(250, 28, 'C2230 Compresor', '0000-00-00 00:00:00', '0000-00-00 00:00:00', 2, 0),
(251, 28, 'GLK280', '0000-00-00 00:00:00', '0000-00-00 00:00:00', 2, 0),
(252, 28, 'GI 500', '0000-00-00 00:00:00', '0000-00-00 00:00:00', 2, 0),
(253, 28, 'GL 500', '0000-00-00 00:00:00', '0000-00-00 00:00:00', 2, 0),
(254, 28, 'C240', '0000-00-00 00:00:00', '0000-00-00 00:00:00', 2, 0),
(255, 28, 'C180', '0000-00-00 00:00:00', '0000-00-00 00:00:00', 2, 0),
(256, 28, 'C280', '0000-00-00 00:00:00', '0000-00-00 00:00:00', 2, 0),
(257, 28, 'B200', '0000-00-00 00:00:00', '0000-00-00 00:00:00', 2, 0),
(258, 37, 'Fluence', '0000-00-00 00:00:00', '0000-00-00 00:00:00', 2, 0),
(259, 37, 'Koleos', '0000-00-00 00:00:00', '0000-00-00 00:00:00', 2, 0),
(260, 37, 'Logan', '0000-00-00 00:00:00', '0000-00-00 00:00:00', 2, 0),
(261, 37, 'Megane', '0000-00-00 00:00:00', '0000-00-00 00:00:00', 2, 0),
(262, 37, 'Duster', '0000-00-00 00:00:00', '0000-00-00 00:00:00', 2, 0),
(263, 37, 'Scenic', '0000-00-00 00:00:00', '0000-00-00 00:00:00', 2, 0),
(264, 37, 'Clio', '0000-00-00 00:00:00', '0000-00-00 00:00:00', 2, 0),
(265, 37, 'Megane 2', '0000-00-00 00:00:00', '0000-00-00 00:00:00', 2, 0),
(266, 37, 'Laguna', '0000-00-00 00:00:00', '0000-00-00 00:00:00', 2, 0),
(267, 14, 'Envoy', '0000-00-00 00:00:00', '0000-00-00 00:00:00', 2, 0),
(268, 14, 'Jimmy', '0000-00-00 00:00:00', '0000-00-00 00:00:00', 2, 0),
(269, 14, 'Acadia', '0000-00-00 00:00:00', '0000-00-00 00:00:00', 2, 0),
(270, 14, 'Sierra', '0000-00-00 00:00:00', '0000-00-00 00:00:00', 2, 0),
(271, 14, 'Canyon', '0000-00-00 00:00:00', '0000-00-00 00:00:00', 2, 0),
(272, 14, 'Buick Regal', '0000-00-00 00:00:00', '0000-00-00 00:00:00', 2, 0),
(273, 14, 'Sonoma', '0000-00-00 00:00:00', '0000-00-00 00:00:00', 2, 0),
(274, 14, '350', '0000-00-00 00:00:00', '0000-00-00 00:00:00', 2, 0),
(275, 14, 'Terraint', '0000-00-00 00:00:00', '0000-00-00 00:00:00', 2, 0),
(276, 14, 'Yukon Denali', '0000-00-00 00:00:00', '0000-00-00 00:00:00', 2, 0),
(277, 14, 'Yukon', '0000-00-00 00:00:00', '0000-00-00 00:00:00', 2, 0),
(278, 43, 'Gol I-Motion', '0000-00-00 00:00:00', '0000-00-00 00:00:00', 2, 0),
(279, 43, 'Bora Sport 2.5', '0000-00-00 00:00:00', '0000-00-00 00:00:00', 2, 0),
(280, 43, 'Tiguan', '0000-00-00 00:00:00', '0000-00-00 00:00:00', 2, 0),
(281, 43, 'Bora Sport', '0000-00-00 00:00:00', '0000-00-00 00:00:00', 2, 0),
(282, 43, 'Touareg', '0000-00-00 00:00:00', '0000-00-00 00:00:00', 2, 0),
(283, 43, 'Bora DSG', '0000-00-00 00:00:00', '0000-00-00 00:00:00', 2, 0),
(284, 43, 'Cabrio', '0000-00-00 00:00:00', '0000-00-00 00:00:00', 2, 0),
(285, 43, 'Sharan', '0000-00-00 00:00:00', '0000-00-00 00:00:00', 2, 0),
(286, 43, 'Vento', '0000-00-00 00:00:00', '0000-00-00 00:00:00', 2, 0),
(287, 43, 'Atlantic', '0000-00-00 00:00:00', '0000-00-00 00:00:00', 2, 0),
(288, 43, 'Derby', '0000-00-00 00:00:00', '0000-00-00 00:00:00', 2, 0),
(289, 43, 'Amarok', '0000-00-00 00:00:00', '0000-00-00 00:00:00', 2, 0),
(290, 43, 'Caraben', '0000-00-00 00:00:00', '0000-00-00 00:00:00', 2, 0),
(291, 43, 'Passat', '0000-00-00 00:00:00', '0000-00-00 00:00:00', 2, 0),
(292, 43, 'Jetta A3', '0000-00-00 00:00:00', '0000-00-00 00:00:00', 2, 0),
(293, 43, 'Jetta Gli', '0000-00-00 00:00:00', '0000-00-00 00:00:00', 2, 0),
(294, 43, 'Gol', '0000-00-00 00:00:00', '0000-00-00 00:00:00', 2, 0),
(295, 43, 'Jetta A4', '0000-00-00 00:00:00', '0000-00-00 00:00:00', 2, 0),
(296, 43, 'Routan', '0000-00-00 00:00:00', '0000-00-00 00:00:00', 2, 0),
(297, 43, 'Jetta Sport', '0000-00-00 00:00:00', '0000-00-00 00:00:00', 2, 0),
(298, 43, 'Golf', '0000-00-00 00:00:00', '0000-00-00 00:00:00', 2, 0),
(299, 43, 'Beetle', '0000-00-00 00:00:00', '0000-00-00 00:00:00', 2, 0),
(300, 43, 'Jetta', '0000-00-00 00:00:00', '0000-00-00 00:00:00', 2, 0),
(301, 42, 'S60', '0000-00-00 00:00:00', '0000-00-00 00:00:00', 2, 0),
(302, 42, 'XC 90', '0000-00-00 00:00:00', '0000-00-00 00:00:00', 2, 0),
(303, 42, 'Serie 60', '0000-00-00 00:00:00', '0000-00-00 00:00:00', 2, 0),
(304, 42, 'S-40', '0000-00-00 00:00:00', '0000-00-00 00:00:00', 2, 0),
(305, 42, 'CX90', '0000-00-00 00:00:00', '0000-00-00 00:00:00', 2, 0),
(306, 42, 'V60', '0000-00-00 00:00:00', '0000-00-00 00:00:00', 2, 0),
(307, 42, 'C70', '0000-00-00 00:00:00', '0000-00-00 00:00:00', 2, 0),
(308, 42, 'Xe60', '0000-00-00 00:00:00', '0000-00-00 00:00:00', 2, 0),
(309, 42, 'Xe90', '0000-00-00 00:00:00', '0000-00-00 00:00:00', 2, 0),
(310, 42, 'Xc90', '0000-00-00 00:00:00', '0000-00-00 00:00:00', 2, 0),
(311, 42, 'S40', '0000-00-00 00:00:00', '0000-00-00 00:00:00', 2, 0),
(312, 42, 'XC60', '0000-00-00 00:00:00', '0000-00-00 00:00:00', 2, 0),
(313, 29, 'Mountaineer', '0000-00-00 00:00:00', '0000-00-00 00:00:00', 2, 0),
(314, 29, 'Marquis', '0000-00-00 00:00:00', '0000-00-00 00:00:00', 2, 0),
(315, 29, 'Mystique', '0000-00-00 00:00:00', '0000-00-00 00:00:00', 2, 0),
(316, 29, 'Mariner', '0000-00-00 00:00:00', '0000-00-00 00:00:00', 2, 0),
(317, 29, 'Villager', '0000-00-00 00:00:00', '0000-00-00 00:00:00', 2, 0),
(318, 8, 'Voyager', '0000-00-00 00:00:00', '0000-00-00 00:00:00', 2, 0),
(319, 8, 'Grand Voyager', '0000-00-00 00:00:00', '0000-00-00 00:00:00', 2, 0),
(320, 8, 'Spirit', '0000-00-00 00:00:00', '0000-00-00 00:00:00', 2, 0),
(321, 8, 'Town Country', '0000-00-00 00:00:00', '0000-00-00 00:00:00', 2, 0),
(322, 8, '200', '0000-00-00 00:00:00', '0000-00-00 00:00:00', 2, 0),
(323, 8, 'Cirrus', '0000-00-00 00:00:00', '0000-00-00 00:00:00', 2, 0),
(324, 8, 'RAM 2500', '0000-00-00 00:00:00', '0000-00-00 00:00:00', 2, 0),
(325, 8, 'PT Crusier', '0000-00-00 00:00:00', '0000-00-00 00:00:00', 2, 0),
(326, 8, 'Sebring', '0000-00-00 00:00:00', '0000-00-00 00:00:00', 2, 0),
(327, 8, '300', '0000-00-00 00:00:00', '0000-00-00 00:00:00', 2, 0),
(328, 8, 'Lebarron', '0000-00-00 00:00:00', '0000-00-00 00:00:00', 2, 0),
(329, 8, 'New yorker', '0000-00-00 00:00:00', '0000-00-00 00:00:00', 2, 0),
(330, 8, 'Aspen', '0000-00-00 00:00:00', '0000-00-00 00:00:00', 2, 0),
(331, 8, 'M300', '0000-00-00 00:00:00', '0000-00-00 00:00:00', 2, 0),
(332, 8, 'Shadow', '0000-00-00 00:00:00', '0000-00-00 00:00:00', 2, 0),
(333, 8, 'Concorde', '0000-00-00 00:00:00', '0000-00-00 00:00:00', 2, 0),
(334, 8, 'New York', '0000-00-00 00:00:00', '0000-00-00 00:00:00', 2, 0),
(335, 8, 'Stratus RT', '0000-00-00 00:00:00', '0000-00-00 00:00:00', 2, 0),
(336, 41, 'Tacoma', '0000-00-00 00:00:00', '0000-00-00 00:00:00', 2, 0),
(337, 41, 'Cambry', '0000-00-00 00:00:00', '0000-00-00 00:00:00', 2, 0),
(338, 41, 'Corolla', '0000-00-00 00:00:00', '0000-00-00 00:00:00', 2, 0),
(339, 41, 'Rav', '0000-00-00 00:00:00', '0000-00-00 00:00:00', 2, 0),
(340, 41, 'Avanza', '0000-00-00 00:00:00', '0000-00-00 00:00:00', 2, 0),
(341, 41, 'FJ', '0000-00-00 00:00:00', '0000-00-00 00:00:00', 2, 0),
(342, 41, 'Tundra', '0000-00-00 00:00:00', '0000-00-00 00:00:00', 2, 0),
(343, 41, '4 Runner', '0000-00-00 00:00:00', '0000-00-00 00:00:00', 2, 0),
(344, 41, 'Yaris', '0000-00-00 00:00:00', '0000-00-00 00:00:00', 2, 0),
(345, 41, 'Camry', '0000-00-00 00:00:00', '0000-00-00 00:00:00', 2, 0),
(346, 41, 'T-100', '0000-00-00 00:00:00', '0000-00-00 00:00:00', 2, 0),
(347, 41, 'Rav 4', '0000-00-00 00:00:00', '0000-00-00 00:00:00', 2, 0),
(348, 41, 'Secoya', '0000-00-00 00:00:00', '0000-00-00 00:00:00', 2, 0),
(349, 41, 'Hightlander', '0000-00-00 00:00:00', '0000-00-00 00:00:00', 2, 0),
(350, 41, 'Hilux', '0000-00-00 00:00:00', '0000-00-00 00:00:00', 2, 0),
(351, 41, 'Cruiser', '0000-00-00 00:00:00', '0000-00-00 00:00:00', 2, 0),
(352, 41, 'Sequoia', '0000-00-00 00:00:00', '0000-00-00 00:00:00', 2, 0),
(353, 41, 'Sienna', '0000-00-00 00:00:00', '0000-00-00 00:00:00', 2, 2),
(355, 32, 'Kicks', '0000-00-00 00:00:00', '0000-00-00 00:00:00', 2, 0),
(356, 32, 'Máxima', '0000-00-00 00:00:00', '0000-00-00 00:00:00', 2, 0),
(357, 32, 'Juke', '0000-00-00 00:00:00', '0000-00-00 00:00:00', 2, 0),
(358, 32, 'D21', '0000-00-00 00:00:00', '0000-00-00 00:00:00', 2, 0),
(359, 32, 'Almera', '0000-00-00 00:00:00', '0000-00-00 00:00:00', 2, 0),
(360, 32, 'Armada', '0000-00-00 00:00:00', '0000-00-00 00:00:00', 2, 0),
(361, 32, 'Np300', '0000-00-00 00:00:00', '0000-00-00 00:00:00', 2, 0),
(362, 32, 'Tsuru', '0000-00-00 00:00:00', '0000-00-00 00:00:00', 2, 0),
(363, 32, 'Stanza', '0000-00-00 00:00:00', '0000-00-00 00:00:00', 2, 0),
(364, 32, 'Quest', '0000-00-00 00:00:00', '0000-00-00 00:00:00', 2, 0),
(365, 32, 'March', '0000-00-00 00:00:00', '0000-00-00 00:00:00', 2, 0),
(366, 32, 'Sentra SR', '0000-00-00 00:00:00', '0000-00-00 00:00:00', 2, 0),
(367, 32, 'Note', '0000-00-00 00:00:00', '0000-00-00 00:00:00', 2, 0),
(368, 32, 'Frontier', '0000-00-00 00:00:00', '0000-00-00 00:00:00', 2, 0),
(369, 32, 'Xterra', '0000-00-00 00:00:00', '0000-00-00 00:00:00', 2, 0),
(370, 32, 'Versa', '0000-00-00 00:00:00', '0000-00-00 00:00:00', 2, 0),
(371, 32, 'Platina', '0000-00-00 00:00:00', '0000-00-00 00:00:00', 2, 0),
(372, 32, 'Tida', '0000-00-00 00:00:00', '0000-00-00 00:00:00', 2, 0),
(373, 32, 'Titan', '0000-00-00 00:00:00', '0000-00-00 00:00:00', 2, 0),
(374, 32, 'Murano', '0000-00-00 00:00:00', '0000-00-00 00:00:00', 2, 0),
(375, 32, 'Aprio', '0000-00-00 00:00:00', '0000-00-00 00:00:00', 2, 0),
(376, 32, 'Rogue', '0000-00-00 00:00:00', '0000-00-00 00:00:00', 2, 0),
(377, 32, 'Xtrail', '0000-00-00 00:00:00', '0000-00-00 00:00:00', 2, 0),
(378, 32, 'Altima', '0000-00-00 00:00:00', '0000-00-00 00:00:00', 2, 0),
(379, 32, 'Sentra', '0000-00-00 00:00:00', '0000-00-00 00:00:00', 2, 0),
(380, 32, 'Optra', '0000-00-00 00:00:00', '0000-00-00 00:00:00', 2, 0),
(381, 16, 'BRV', '0000-00-00 00:00:00', '0000-00-00 00:00:00', 2, 0),
(384, 16, 'HRV', '0000-00-00 00:00:00', '0000-00-00 00:00:00', 2, 0),
(385, 16, 'Ridgeline', '0000-00-00 00:00:00', '0000-00-00 00:00:00', 2, 0),
(386, 16, 'Passport', '0000-00-00 00:00:00', '0000-00-00 00:00:00', 2, 0),
(387, 16, 'City', '0000-00-00 00:00:00', '0000-00-00 00:00:00', 2, 0),
(388, 16, 'Acura', '0000-00-00 00:00:00', '0000-00-00 00:00:00', 2, 0),
(390, 16, 'Fit', '0000-00-00 00:00:00', '0000-00-00 00:00:00', 2, 0),
(391, 16, 'Red Line', '0000-00-00 00:00:00', '0000-00-00 00:00:00', 2, 0),
(392, 16, 'Pilot', '0000-00-00 00:00:00', '0000-00-00 00:00:00', 2, 0),
(393, 16, 'Odyssey', '0000-00-00 00:00:00', '0000-00-00 00:00:00', 2, 0),
(394, 16, 'CRV', '0000-00-00 00:00:00', '0000-00-00 00:00:00', 2, 0),
(395, 16, 'Element', '0000-00-00 00:00:00', '0000-00-00 00:00:00', 2, 0),
(396, 16, 'Accord', '0000-00-00 00:00:00', '0000-00-00 00:00:00', 2, 0),
(397, 16, 'Civic', '0000-00-00 00:00:00', '0000-00-00 00:00:00', 2, 0),
(398, 27, 'Tribute', '0000-00-00 00:00:00', '0000-00-00 00:00:00', 2, 0),
(399, 27, 'Mazda ', '0000-00-00 00:00:00', '0000-00-00 00:00:00', 2, 0),
(400, 27, 'Mazda 6', '0000-00-00 00:00:00', '0000-00-00 00:00:00', 2, 0),
(401, 27, '3', '0000-00-00 00:00:00', '0000-00-00 00:00:00', 2, 0),
(402, 27, 'CX7', '0000-00-00 00:00:00', '0000-00-00 00:00:00', 2, 0),
(403, 27, 'CX9', '0000-00-00 00:00:00', '0000-00-00 00:00:00', 2, 0),
(404, 27, '5', '0000-00-00 00:00:00', '0000-00-00 00:00:00', 2, 0),
(405, 27, '6', '0000-00-00 00:00:00', '0000-00-00 00:00:00', 2, 0),
(406, 27, 'X9', '0000-00-00 00:00:00', '0000-00-00 00:00:00', 2, 0),
(407, 27, 'Mx5miata', '0000-00-00 00:00:00', '0000-00-00 00:00:00', 2, 0),
(408, 27, 'B2500', '0000-00-00 00:00:00', '0000-00-00 00:00:00', 2, 0),
(409, 27, 'C5', '0000-00-00 00:00:00', '0000-00-00 00:00:00', 2, 0),
(410, 27, 'CX5', '0000-00-00 00:00:00', '0000-00-00 00:00:00', 2, 0),
(411, 27, '2300', '0000-00-00 00:00:00', '0000-00-00 00:00:00', 2, 0),
(412, 27, '7', '0000-00-00 00:00:00', '0000-00-00 00:00:00', 2, 0),
(413, 10, 'Dart', '0000-00-00 00:00:00', '0000-00-00 00:00:00', 2, 0),
(414, 10, 'Avenger', '0000-00-00 00:00:00', '0000-00-00 00:00:00', 2, 0),
(415, 10, 'Charger', '0000-00-00 00:00:00', '0000-00-00 00:00:00', 2, 0),
(416, 10, 'Raider', '0000-00-00 00:00:00', '0000-00-00 00:00:00', 2, 0),
(418, 10, 'Ram Promaster', '0000-00-00 00:00:00', '0000-00-00 00:00:00', 2, 0),
(419, 10, 'Nitro', '0000-00-00 00:00:00', '0000-00-00 00:00:00', 2, 0),
(420, 10, 'Ram 1500', '0000-00-00 00:00:00', '0000-00-00 00:00:00', 2, 0),
(421, 10, 'Verna', '0000-00-00 00:00:00', '0000-00-00 00:00:00', 2, 0),
(422, 10, 'Caliber', '0000-00-00 00:00:00', '0000-00-00 00:00:00', 2, 0),
(423, 10, 'Durango', '0000-00-00 00:00:00', '0000-00-00 00:00:00', 2, 0),
(424, 10, 'Stratus', '0000-00-00 00:00:00', '0000-00-00 00:00:00', 2, 0),
(425, 10, 'Ram Charger', '0000-00-00 00:00:00', '0000-00-00 00:00:00', 2, 0),
(426, 10, 'Grand Caravan', '0000-00-00 00:00:00', '0000-00-00 00:00:00', 2, 0),
(427, 10, 'Atitude', '0000-00-00 00:00:00', '0000-00-00 00:00:00', 2, 0),
(428, 10, 'Caravan', '0000-00-00 00:00:00', '0000-00-00 00:00:00', 2, 0),
(429, 10, 'Dakota', '0000-00-00 00:00:00', '0000-00-00 00:00:00', 2, 0),
(430, 10, 'Neon', '0000-00-00 00:00:00', '0000-00-00 00:00:00', 2, 0),
(431, 10, 'Journey', '0000-00-00 00:00:00', '0000-00-00 00:00:00', 2, 0),
(432, 10, 'RAM', '0000-00-00 00:00:00', '0000-00-00 00:00:00', 2, 0),
(433, 10, 'Pick Up', '0000-00-00 00:00:00', '0000-00-00 00:00:00', 2, 0),
(434, 20, 'CF600', '0000-00-00 00:00:00', '0000-00-00 00:00:00', 2, 0),
(435, 20, 'Torque Shift', '0000-00-00 00:00:00', '0000-00-00 00:00:00', 2, 0),
(436, 20, 'Allison 4700', '0000-00-00 00:00:00', '0000-00-00 00:00:00', 2, 0),
(437, 20, 'Allison ', '0000-00-00 00:00:00', '0000-00-00 00:00:00', 2, 0),
(438, 12, 'E450', '0000-00-00 00:00:00', '0000-00-00 00:00:00', 2, 0),
(439, 12, 'Focus ZX4', '0000-00-00 00:00:00', '0000-00-00 00:00:00', 2, 0),
(440, 12, 'Transit', '0000-00-00 00:00:00', '0000-00-00 00:00:00', 2, 0),
(441, 12, 'Guayin', '0000-00-00 00:00:00', '0000-00-00 00:00:00', 2, 0),
(442, 12, 'Escort Guayin', '0000-00-00 00:00:00', '0000-00-00 00:00:00', 2, 0),
(443, 12, 'Topaz', '0000-00-00 00:00:00', '0000-00-00 00:00:00', 2, 0),
(444, 12, 'Explorer Sport', '0000-00-00 00:00:00', '0000-00-00 00:00:00', 2, 0),
(445, 12, 'Thunderbird', '0000-00-00 00:00:00', '0000-00-00 00:00:00', 2, 0),
(446, 12, 'Minivan', '0000-00-00 00:00:00', '0000-00-00 00:00:00', 2, 0),
(447, 12, 'Mustang Coupe', '0000-00-00 00:00:00', '0000-00-00 00:00:00', 2, 0),
(448, 12, 'Mustang Gt', '0000-00-00 00:00:00', '0000-00-00 00:00:00', 2, 0),
(449, 12, 'Van Econoline', '0000-00-00 00:00:00', '0000-00-00 00:00:00', 2, 0),
(450, 12, 'Focus XL', '0000-00-00 00:00:00', '0000-00-00 00:00:00', 2, 0),
(451, 12, 'Lobo Harley', '0000-00-00 00:00:00', '0000-00-00 00:00:00', 2, 0),
(452, 12, 'Econoline 250', '0000-00-00 00:00:00', '0000-00-00 00:00:00', 2, 0),
(453, 12, 'Super Duty', '0000-00-00 00:00:00', '0000-00-00 00:00:00', 2, 0),
(454, 12, 'Topaz Guia', '0000-00-00 00:00:00', '0000-00-00 00:00:00', 2, 0),
(455, 12, 'Clud Wagon', '0000-00-00 00:00:00', '0000-00-00 00:00:00', 2, 0),
(456, 12, 'Figo', '0000-00-00 00:00:00', '0000-00-00 00:00:00', 2, 0),
(457, 12, 'Five Hundred', '0000-00-00 00:00:00', '0000-00-00 00:00:00', 2, 0),
(458, 12, 'Bronco', '0000-00-00 00:00:00', '0000-00-00 00:00:00', 2, 0),
(459, 12, 'F 550', '0000-00-00 00:00:00', '0000-00-00 00:00:00', 2, 0),
(460, 12, 'Ecosport', '0000-00-00 00:00:00', '0000-00-00 00:00:00', 2, 0),
(461, 12, 'Aerostar', '0000-00-00 00:00:00', '0000-00-00 00:00:00', 2, 0),
(462, 26, 'Town Car', '0000-00-00 00:00:00', '0000-00-00 00:00:00', 2, 0);


-- --------------------------------------------------------
--
-- Volcado de datos para la tabla `modulos`
--

INSERT INTO `modulos` (`id_modulo`, `modulo`, `boton`, `permiso`, `fecha_creacion`, `fecha_mod`, `id_captC`, `id_captM`) VALUES
(1, '1.0 Catálogos', '1.1 Usuarios', '1.1.1 Editar Usuarios', '0000-00-00 00:00:00', '0000-00-00 00:00:00', 0, 0),
(2, '1.0 Catálogos', '1.1 Usuarios', '1.1.2 Asignar Contraseña', '0000-00-00 00:00:00', '0000-00-00 00:00:00', 0, 0),
(3, '1.0 Catálogos', '1.1 Usuarios', '1.1.3 Eliminar Usuario', '0000-00-00 00:00:00', '0000-00-00 00:00:00', 0, 0),
(4, '1.0 Catálogos', '1.1 Usuarios', '1.1.4 Asignar Permisos', '0000-00-00 00:00:00', '0000-00-00 00:00:00', 0, 0),
(5, '11.0 Catálogos', '1.1 Usuarios', '1.1.5 Nuevo Usuario', '0000-00-00 00:00:00', '0000-00-00 00:00:00', 0, 0),
(6, '1.0 Catálogos', '1.2 Marcas', '1.2.1 Registro de marcas', '0000-00-00 00:00:00', '0000-00-00 00:00:00', 0, 0),
(7, '1.0 Catálogos', '1.2 Marcas', '1.2.2 Modificar Marca', '0000-00-00 00:00:00', '0000-00-00 00:00:00', 0, 0),
(8, '1.0 Catálogos', '1.2 Marcas', '1.2.3 Eliminar Marca', '0000-00-00 00:00:00', '0000-00-00 00:00:00', 0, 0),
(9, '1.0 Catálogos', '1.3 Modelos', '1.3.1 Registro de Modelo', '0000-00-00 00:00:00', '0000-00-00 00:00:00', 0, 0),
(10, '1.0 Catálogos', '1.3 Modelos', '1.3.2 Modificar Modelo', '0000-00-00 00:00:00', '0000-00-00 00:00:00', 0, 0),
(11, '1.0 Catálogos', '1.3 Modelos', '1.3.3 Eliminar Modelo', '0000-00-00 00:00:00', '0000-00-00 00:00:00', 0, 0),
(12, '1.0 Catálogos', '1.4 Años', '1.4.1 Registro de A?os', '0000-00-00 00:00:00', '0000-00-00 00:00:00', 0, 0),
(13, '1.0 Catálogos', '1.4 Años', '1.4.2 Modificar Años', '0000-00-00 00:00:00', '0000-00-00 00:00:00', 0, 0),
(14, '1.0 Catálogos', '1.4 Años', '1.4.3 Eliminar Años', '0000-00-00 00:00:00', '0000-00-00 00:00:00', 0, 0),
(15, '1.0 Catálogos', '1.5 Permisos', '1.5.1 Registro de Permiso', '0000-00-00 00:00:00', '0000-00-00 00:00:00', 0, 0),
(16, '1.0 Catálogos', '1.5 Permisos', '1.5.2 Modificar Permiso', '0000-00-00 00:00:00', '0000-00-00 00:00:00', 0, 0),
(17, '1.0 Catálogos', '1.5 Permisos', '1.5.3 Eliminar Permiso', '0000-00-00 00:00:00', '0000-00-00 00:00:00', 0, 0),
(18, '2.0 Proyecto', '2.1 Registro Vehículo', '2.1.1 Registro de Vehículo', '0000-00-00 00:00:00', '0000-00-00 00:00:00', 0, 0),
(19, '2.0 Proyecto', '2.1 Registro Vehículo', '2.1.2 Modificar Vehículo', '0000-00-00 00:00:00', '0000-00-00 00:00:00', 0, 0),
(20, '2.0 Proyecto', '2.1 Registro Vehículo', '2.1.3 Eliminar Vehículo', '0000-00-00 00:00:00', '0000-00-00 00:00:00', 0, 0),
(21, '2.0 Proyecto', '2.2 Registro Cliente', '2.2.1 Registro de Cliente', '0000-00-00 00:00:00', '0000-00-00 00:00:00', 0, 0),
(22, '2.0 Proyecto', '2.2 Registro Cliente', '2.2.2 Modificar Cliente', '0000-00-00 00:00:00', '0000-00-00 00:00:00', 0, 0),
(23, '2.0 Proyecto', '2.2 Registro Cliente', '2.2.3 Eliminar Cliente', '0000-00-00 00:00:00', '0000-00-00 00:00:00', 0, 0),
(24, '2.0 Proyecto', '2.3 Registro Proyecto', '2.3.1 Registro de Proyecto', '0000-00-00 00:00:00', '0000-00-00 00:00:00', 0, 0),
(25, '2.0 Proyecto', '2.3 Registro Proyecto', '2.3.2 Lista de Proyectos', '0000-00-00 00:00:00', '0000-00-00 00:00:00', 0, 0),
(26, '2.0 Proyecto', '2.3 Registro Proyecto', '2.3.3 Modificar Proyectos', '0000-00-00 00:00:00', '0000-00-00 00:00:00', 0, 0),
(27, '2.0 Proyecto', '2.3 Registro Proyecto', '2.3.4 Eliminar Proyectos', '0000-00-00 00:00:00', '0000-00-00 00:00:00', 0, 0),
(28, '2.0 Proyecto', '2.3 Registro Proyecto', '2.3.5 Descarga PDF Proyectos', '0000-00-00 00:00:00', '0000-00-00 00:00:00', 0, 0);

INSERT INTO `nproyectos` (`id_nProyecto`, `id_proyecto`, `fecha_creacion`, `fecha_mod`, `id_capC`, `id_capM`) VALUES
(10000, 0, '2022-02-26 07:33:44', '2022-02-26 07:33:44', 0, 0);


INSERT INTO `permisos` (`id_permiso`, `editarUsu`, `asignarCon`, `eliminarUsu`, `asignarPer`, `nuevoUsu`, `regMarca`, `modMarca`, `eliminaMar`, `regModelo`, `modModelo`, `eliminarMod`, `regAnios`, `modAnios`, `eliminarAnio`, `regPermiso`, `modPermiso`, `eliPermiso`, `regVehiculo`, `modVehiculo`, `eliVehiculo`, `regCliente`, `modCliente`, `eliCliente`, `regProyecto`, `listProyecto`, `modProyecto`, `eliProyecto`, `pdfProyecto`, `id_usuario`) VALUES
(1, '1', '1', '1', '1', '1', '1', '1', '1', '1', '1', '1', '1', '1', '1', '1', '1', '1', '1', '1', '1', '1', '1', '1', '1', '1', '1', '1', '1', 1),
(2, '1', '1', '1', '1', '1', '1', '1', '1', '1', '1', '1', '1', '1', '1', '1', '1', '1', '1', '1', '1', '1', '1', '1', '1', '1', '1', '1', '1', 2);

INSERT INTO `usuarios` (`id_usuario`, `nombres`, `aPaterno`, `aMaterno`, `usuario`, `email`, `tel`, `pass`, `admin`, `fecha_creacion`, `fecha_mod`, `id_captC`, `id_captM`, `estatus`, `super`) VALUES
(1, 'Jose Uriel', 'Guerra', 'Trinidad', 'superadmin', 'prueba@gmail.com', '123456789', 'admin', '1', '0000-00-00 00:00:00', '0000-00-00 00:00:00', 0, 0, 'Online', 1),
(2, 'Sebastian', 'Ortiz', 'Lopez', 'admin', 'a@a.a', '(000) 000-0000', 'admin', '1', '0000-00-00 00:00:00', '0000-00-00 00:00:00', 1, 0, 'Online', 1);
